Months,District,2017,2016,2015,2014,2013,2012,2011,2010,2009,2008,2007,2006,2005,2004,2003,2002,2001,2000,1999,1998,1997,1996,1995,1994,1993,1992,1991,1990,1989,1988,1987,1986,1985,1984,1983,1982,1981,1980,1979,1978,1977,1976,1975,1974,1973,1972,1971,1970,1969,1968,1967,1966,1965,1964,1963,1962,1961,1960,1959,1958,1957,1956,1955,1954,1953,1952,1951,1950,1949,1948,1947,1946,1945,1944,1943,1942,1941,1940,1939,1938,1937,1936,1935,1934,1933,1932,1931,1930,1929,1928,1927,1926,1925,1924,1923,1922,1921,1920,1919,1918,1917,1916,1915,1914,1913,1912,1911,1910,1909,1908,1907,1906,1905,1904,1903,1902,1901
Jan,Ahmednagar,0,0,7.7,4.4,0,0,7.7,2.935,0,0,0,0,2.453,7.708,0,2.935,3.273,0,0,1.098,10.647,2.453,7.238,7.708,0,0,0.003,0.051,0,0,17.515,0.048,4.653,2.276,0.677,5.13,9.404,0.228,2.696,4.053,0,0.014,0.775,0,0,0,0,0.144,0.105,0.028,0,5.737,9.71,0,0.164,0.105,0.026,2.797,0.406,0.396,0.082,0.613,3.94,4.099,4.099,0,1.431,0.009,0,7.739,5.482,0,5.79,0.038,1.563,0,2.437,0.158,0.175,0.04,0,0.934,0.055,0.971,2.01,0,0.018,0.009,0.009,0.009,0,18.554,0,2.273,3.182,10.81,0.62,12.281,4.775,0.251,0.754,0,7.666,0,0,0,3.598,0,4.439,0.057,0,6.827,0.036,0.128,0.383,2.627,10.922
Feb,Ahmednagar,0,0,2.5,5.5,0.8,0,2.5,2.06,0.547,0,0.547,0,1.599,0.831,0.8,2.06,0,0.547,5.917,1.057,0,1.599,0,0.831,0.896,0,0.68,1.089,0,0,4.673,5.145,0,3.189,0,0.467,0.663,0.291,3.87,11.137,0,0,0.466,0.708,2.367,0,0.052,0,0,4.062,0.042,0,0.355,0,1.826,0,4.275,0,0,0,0,0,0,0.743,0.743,1.664,0,0.055,0,1.823,3.203,3.86,0,1.435,0,3.938,5.282,5.51,0,0.017,1.544,3.992,0,0,0.91,1.022,0.009,0.585,1.266,7.73,0.893,1.14,0,0,3.941,2.229,0,1.989,0.801,0.938,6.833,0.169,0.145,1.95,0.009,1.499,0,0,0.997,0,4.794,3.089,0.44,0.456,0,0,4.362
Mar,Ahmednagar,0,7.7,43.3,67.9,0,0,43.3,3.018,0,7.7,0,0,2.261,4.408,0,3.018,6.701,0,0,2.218,2.118,2.261,8.773,4.408,2.63,0,1.283,0.029,19.566,0,1.604,0,0.034,0.052,0,0.586,2.354,1.151,6.108,13.49,13.932,3.037,0,6.654,0,0,0,0,0,13.758,4.661,1.992,0.043,4.745,5.189,11.672,0.302,2.035,0,1.408,3.973,0,3.204,13.024,13.024,0,3.487,1.742,0.017,0.901,8.875,0.051,0,11.59,1.189,0,6.541,1.183,5.612,1.814,0.527,7.905,0,0.003,1.729,5.309,0.397,0.066,0.153,1.051,2.491,0.034,0.003,0.467,24.717,0,0,0.034,0.151,0.839,5.741,5.768,28.556,0.776,0.017,0,0.017,0.02,0.139,8.406,0.082,0.428,0,1.87,0,0.009,25.161
Apr,Ahmednagar,0,0,22.7,7.6,0.1,6.8,22.7,23.699,0.014,0,0.014,6.8,2.174,15.472,0.1,23.699,1.897,0.014,0.008,0.41,16.664,2.174,9.17,15.472,0.247,0.637,11.956,0,5.553,16.261,0.892,2.715,15.333,0.006,0.048,4.981,0.062,4.275,0.053,10.705,0.082,1.929,0,5.93,0.003,1.67,0.011,14.667,0.389,6.797,2.354,0.373,14.168,8.917,2.688,6.664,3.324,0.664,2.425,5.41,16.416,6.518,5.753,7.894,7.894,0.113,8.151,2.176,1.146,2.298,30.638,9.64,2.075,0.03,0.358,1.604,4.149,18.699,2.069,9.687,15.737,2.512,9.476,1.661,1.4,18.416,3.409,0.005,27.828,1.312,5.246,15.302,0,7.88,6.773,6.54,0.85,2.99,2.744,0.02,35.427,0.727,24.408,2.004,0.334,2.792,0.005,0,3.87,0.867,37.114,0,0.167,6.629,2.031,2.778,12.714
May,Ahmednagar,1.3,4.6,5.1,7.4,2.5,16.3,5.1,5.642,26.111,4.6,26.111,16.3,7.438,15.793,2.5,5.642,13.211,26.111,41.288,10.62,3.308,7.438,29.956,15.793,2.857,28.264,9.063,82.417,22.586,18.491,49.637,10.376,2.814,0.202,0.78,37.522,24.783,4.005,5.29,12.811,3.947,0.82,12.494,54.675,6.224,1.738,67.539,18.228,0.859,0.233,0.496,50.76,0.219,4.504,1.498,69.331,99.862,82.694,12.795,6.216,45.497,93.854,5.354,3.375,3.375,16.462,5.457,18.745,63.172,0.528,9.665,10.996,0.213,2.19,72.364,1.045,2.056,28.506,0.201,57.421,0.897,78.927,0.375,1.105,78.741,8.475,0.243,19.727,1.767,0.256,0.594,15.577,61.642,0.829,22.283,19.025,0.199,1.817,5.172,80.996,8.797,31.555,19.494,12.415,20.983,5.834,1.307,9.391,40.341,0.266,0.199,0.239,0.548,1.685,82.865,1.716,34.244
Jun,Ahmednagar,137.6,100.7,169.1,19.8,162.5,52.1,169.1,180.658,110.986,100.7,110.986,52.1,91.956,213.55,162.5,180.658,124.162,110.986,156.561,65.81,173.255,91.956,68.529,213.55,74.348,65.557,160.086,120.09,140.698,82.742,110.891,163.358,116.699,57.28,65.35,57.667,67.891,210.03,80.253,122.359,119.995,127.358,94.013,72.911,96.941,92.067,90.279,198.734,145.178,50.275,153.874,66.554,49.434,107.539,109.793,52.416,99.414,79.262,161.081,84.578,126.685,116.83,160.942,151.44,151.44,133.97,132.013,43.127,115.922,221.752,44.544,177.389,45.978,83.823,138.378,119.93,13.028,145.017,84.889,166.623,76.134,85.923,178.082,81.227,135.287,70.933,82.071,87.985,170.817,124.729,123.999,79.389,88.405,69.048,28.81,153.285,101.622,67.506,153.488,85.315,140.214,118.847,189.071,196.12,164.651,58.212,55.9,190.577,173.462,98.365,95.918,152.53,81.132,46.917,58.523,55.998,171.109
Jul,Ahmednagar,79.8,236.2,26.4,142.1,165.5,124.1,26.4,23.734,117.923,236.2,117.923,124.1,211.32,172.771,165.5,23.734,69.595,117.923,97.13,151.874,143.606,211.32,226.095,172.771,169.093,81.429,156.388,174.345,100.901,246.913,60,163.644,131.007,171.398,140.617,155.005,115.834,97.885,166.1,147.885,108.622,170.373,140.227,144.287,143.061,46.642,24.505,63.125,161.254,190.191,244.374,207.855,187.578,149.177,161.426,158.053,134.028,111.445,146.358,192.598,127.03,194.127,156.421,235.78,235.78,115.098,276.836,146.737,228.872,169.947,143.999,139.619,118.404,233.504,140.793,160.188,178.933,119.674,120.101,299.821,186.536,56.211,197.602,195.019,102.717,211.456,194.467,55.168,112.213,139.761,148.747,196.497,60.359,130.614,202.432,112.8,192.563,75.537,125.89,50.052,48.227,289.042,132.521,144.596,172.655,146.145,133.572,163.199,120.969,121.329,201.584,185.13,141.955,109.794,230.105,119.227,157.499
Aug,Ahmednagar,157.2,92.2,98,152,119.4,72.4,98,125.241,79.066,92.2,79.066,72.4,102.49,100.074,119.4,125.241,73.019,79.066,77.208,123.437,177.972,102.49,43.945,100.074,76.509,148.336,62.942,190.224,91.557,109.288,134.385,125.677,110.33,42.266,180.653,35.337,106.264,167.705,119.157,106.69,75.142,147.488,185.004,137.868,212.125,64.633,160.611,256.916,130.522,125.347,112.965,51.325,188.995,100.046,152.621,117.811,84.872,93.609,132.233,268.978,148.057,64.818,190.079,94.658,94.658,48.574,66.833,53.161,69.283,80.441,188.766,74.613,135.384,175.308,16.273,174.711,59.421,93.616,149.832,100.733,15.179,36.078,160.847,172.142,105.812,83.357,95.605,64.179,30.745,95.502,22.572,164.685,81.02,145.803,34.025,24.9,58.269,42.066,75.003,47.444,185.422,118.545,40.384,60.038,43.25,60.18,59.704,101.978,79.695,105.359,98.631,118.715,73.108,35.129,170.377,81.06,141.114
Sep,Ahmednagar,176.9,154.8,204.4,97.9,151.6,83.9,204.4,111.635,77.284,154.8,77.284,83.9,224.057,155.584,151.6,111.635,68.796,77.284,248.182,300.989,41.28,224.057,235.96,155.584,136.389,251.802,73.903,74.179,187.799,328.517,44.528,74.605,71.962,134.95,386.116,108.382,253.505,63.169,221.157,98.313,77.425,78.583,205.793,127.589,213.936,85.643,246.371,185.203,330.963,194.769,150.723,198.015,57.287,216.862,46.96,255.173,159.442,256.936,218.539,108.862,150.73,310.971,237.497,280.095,280.095,106.222,53.903,293.27,471.683,112.977,309.278,226.117,265.577,163.045,294.308,129.641,194.885,228.679,45.097,285.121,118.697,165.988,244.368,215.875,386.047,125.057,226.807,294.454,116.027,350.959,201.342,96.829,105.851,183.186,300.927,149.467,188.152,79.173,278.524,44.336,311.84,350.15,237.678,309.542,112.049,3.729,31.798,240.184,209.961,130.713,35.905,101.154,143.706,468.966,210.164,219.968,58.109
Oct,Ahmednagar,105.3,58.9,15.4,12.4,86,49.2,15.4,20.206,19.89,58.9,19.89,49.2,135.449,51.465,86,20.206,65.934,19.89,128.323,52.316,26.394,135.449,49.134,51.465,138.939,38.66,0.84,82.983,7.292,70.687,89.383,5.42,122.094,187.643,75.475,34.456,105.973,0.508,30.821,39.155,66.895,0.648,100.799,102.52,49.275,0.85,80.467,32.497,4.553,47.414,33.232,0.62,2.594,21.652,68.572,9.17,118.08,79.387,160.484,70.688,50.321,82.442,119.755,12.941,12.941,28.439,97.748,29.314,36.295,16.771,17.847,1.559,20.865,71.323,159.77,4.121,13.185,89.774,15.975,120.948,87.92,1.148,101.65,8.171,41.674,72.291,168.384,59.029,35.558,114.415,64.801,0.505,16.659,108.08,1.161,15.446,5.632,1.616,46.644,2.543,108.607,119.802,101.673,8.479,3.368,37.013,0.93,71.063,10.351,3.518,1.129,8.292,9.678,50.26,35.04,84.588,140.062
Nov,Ahmednagar,0.4,0,2.6,47.4,10.4,0.1,2.6,3.439,8.86,0,8.86,0.1,3.141,13.292,10.4,3.439,13.576,8.86,0.3,64.21,123.125,3.141,0.695,13.292,4.168,1.835,18.313,24.027,0.303,3.751,38.123,1.264,64.908,1.262,0.301,49.679,13.151,3.887,91.974,49.116,141.912,98.692,0.306,0.3,0.951,76.095,0.3,0.3,32.711,37.701,0.3,104.053,3.188,15.475,4.433,38.268,4.343,13.983,23.089,101.963,14.178,55.373,0.4,0.3,0.3,0.3,21.387,0.49,13.992,148.115,2.8,81.78,4.263,7.443,0.508,0.301,0.3,30.511,36.005,0.306,0.3,183.418,12.11,101.472,2.813,54.482,54.095,24.899,0.3,5.821,115.852,3.875,121.589,6.747,0.314,117.588,0.76,0.3,61.263,39.082,12.766,56.121,10.534,36.965,0.3,77.556,109.864,42.461,0.3,0.3,0.387,0.466,2.915,0.3,0.318,95.004,0.301
Dec,Ahmednagar,0.2,0,0,17.8,10.7,0,0,0,6.671,0,6.671,0,0,0,10.7,0,0,6.671,0.728,0,32.961,0,0,0,34.369,0,0,8.983,7.887,0.03,37.019,30.938,0.023,0.118,1.435,0,21.726,4.943,2.247,5.018,7.942,8.282,0,0,5.706,0.006,0,0,0.026,0.018,73.086,20.711,23.74,0.029,0.03,57.789,1.304,0.009,0,0.487,0,20.473,0,3.6,3.6,4.515,0,12.788,0,0.036,39.523,19.532,0.026,0,0,40.756,0,20.21,1.683,0.049,17.63,0.02,1.054,2.089,25.644,1.538,5.278,0.46,0.541,30.025,7.152,5.484,28.764,19.597,9.139,13.797,0,0,0.386,9.508,0,0,32.274,12.499,22.339,0.231,0.064,0,30.737,0,3.736,13.091,0,0.019,0.41,32.967,0
Jan,Beed,0,0,5.2,0,0,0,5.2,6.244,0,0,0,0,0.55,6.963,0,6.244,4.198,0,0,0.023,11.464,0.55,9.808,6.963,0,0,0.312,0.371,0,0,19.944,0.374,4.728,3.879,0.051,0.34,18.157,0,0.663,5.196,0,0,1.95,0,0,0,0.053,2.323,0,2.118,0.078,6.37,0.276,0,0,0.132,0,0.494,0.567,0.022,0,0.038,4.841,0.274,0.274,0,0.725,0,0.242,8.568,19.052,0,0.963,0.156,1.91,0,11.392,0,0.102,0,0,0,1.505,8.226,1.967,0,0,0,0,0,0,30.701,0,2.281,3.451,12.912,0.6,15.916,3.854,0.604,0.978,0,8.803,0,0,0,3.103,0,4.79,0,0.082,21.813,0.079,0.183,1.924,0.19,16.647
Feb,Beed,0,6.7,0,1.4,0,0,0,0.401,1.924,6.7,1.924,0,3.714,3.527,0,0.401,0,1.924,10.079,2.732,0,3.714,0,3.527,2.029,0,1.629,0.399,0,0.504,10.155,12.845,0,18.117,0,0.124,0.54,0,7.606,24.444,2.054,0,2.58,0,0.441,0.003,0,0,0.033,32.812,0.809,0,0.645,0,3.944,0.209,0,0,0,0,0.011,0,0,0,0,9.865,0,3.266,0.1,0.487,6.183,10.373,0,9.104,0.353,6.282,11.962,1.381,0,2.462,4.546,20.408,0,0,1.794,1.886,0,0.07,16.717,23.796,0.871,0,0,0,1.382,3.079,0,0,1.387,1.028,20.096,0.708,0.843,1.377,1.32,12.242,0,0,1.984,0.148,4.987,0,2.155,0.418,0.144,0,1.916
Mar,Beed,5.7,8.9,31.2,69.6,1.2,0,31.2,2.25,0,8.9,0,0,1.877,6.373,1.2,2.25,16.581,0,0,0.941,4.698,1.877,14.761,6.373,2.393,0,1.407,3.972,26.206,0,6.363,0,4.577,1.85,0.545,0.429,11.363,14.073,11.499,14.745,11.367,8.121,1.321,11.482,0,0,0,0,0.042,30.491,0.956,1.352,0,13.384,10.808,1.018,1.578,8.081,0.061,17.463,13.03,0,2.447,27.4,27.4,0,4.886,6.297,0.49,6.965,12.623,0.024,0,30.059,1.493,0.002,9.799,0,1.936,7.381,13.423,4.673,0,0.205,15.956,16.52,9.315,7.003,0.026,2.493,4.783,0.018,0.185,1.497,32.073,0,0.006,0.03,0.243,0.536,6.886,12.642,21.589,0.957,0,0,0.004,2.542,15.266,12.474,0.172,0.444,0.001,11.885,0,1.205,27.287
Apr,Beed,0,2.1,38.3,10.7,4.6,0,38.3,29.653,1.557,2.1,1.557,0,7.968,30.853,4.6,29.653,5.173,1.557,1.08,0.612,28.659,7.968,10.146,30.853,2.241,2.268,24.75,0.063,11.007,28.342,2.691,11.232,14.635,0.486,0.005,29.226,5.133,21.111,4.968,12.525,3.011,12.055,0.004,12.93,1.63,2.461,0.907,33.704,1.551,5.828,5.147,4.002,25.47,19.7,14.338,24.704,17.95,4.517,15.002,17.744,40.186,6.092,8.296,19.409,19.409,6.519,10.721,2.619,1.735,8.519,34.135,23.748,12.783,0.012,1.793,13.74,1.503,23.43,6.817,18.772,47.042,9.429,9.203,22.96,24.024,17.247,17.346,2.413,45.99,7.643,16.292,2.879,0.004,18.951,16.812,5.987,4.212,7.022,6.915,2.161,9.869,2.009,34.885,0.567,2.091,11.819,0.338,0,4.101,1.387,71.803,0,16.348,0.65,3.499,13.969,33.211
May,Beed,2.9,6.8,5.8,5.6,2.2,0,5.8,13.472,21.61,6.8,21.61,0,3.467,16.95,2.2,13.472,5.605,21.61,58.03,7.727,5.651,3.467,33.941,16.95,2.09,24.914,14.493,88.81,20.212,20.238,51.342,11.4,2.52,0.514,21.333,58.615,40.773,5.786,13.6,30.507,7.634,7.325,12.161,42.871,4.229,6.688,51.622,31.671,2.479,1.398,18.688,57.598,1.447,4.959,10.619,49.44,81.135,41.141,12.858,16.592,48.263,99.32,21.205,12.136,12.136,57.86,18.443,15.668,76.724,4.01,8.075,28.253,1.499,12.866,54.74,4.423,0.233,35.905,0.477,40.365,2.047,68.804,1.239,2.7,79.978,25.106,5.162,9.934,4.959,0.23,0.634,15.3,56.12,0.46,1.964,34.339,0.221,8.21,11.887,111.948,11.963,61.834,26.1,7.556,40.967,9.659,4.5,5.849,32.342,3.817,0.22,2.604,4.085,4.639,68.514,1.931,59.027
Jun,Beed,169.1,155.8,67.4,32,127.6,55.4,67.4,178.161,142.856,155.8,142.856,55.4,103.399,190.346,127.6,178.161,120.916,142.856,124.844,66.831,150.688,103.399,87.569,190.346,69.728,72.607,172.745,134.361,131.678,77.137,104.975,188.892,136.776,37.623,90.454,65.88,135.587,103.815,91.47,150.96,102.362,131.94,94.523,97.572,108,78.348,50.55,149.774,117.134,64.376,85.998,80.741,83.047,103.247,171.257,87.402,148.596,57.994,149.547,50.489,95.041,83.236,169.881,205.188,205.188,138.506,151.902,58.678,144.755,191.64,82.338,168.407,81.114,77.502,152.977,155.619,36.66,156.881,99.501,199.367,68.834,51.69,184.479,74.177,135.558,77.804,103.251,85.73,174.758,167.437,119.05,90.341,75.58,65.868,29.847,176.816,81.323,57.657,183.405,72.282,139.462,145.502,193.019,178.815,165.9,72.013,76.478,150.649,201.596,88.89,88.511,183.451,101.794,63.272,77.451,48.106,212.705
Jul,Beed,76.7,172.6,11.8,95.3,205,107.4,11.8,32.847,106.16,172.6,106.16,107.4,166.506,168.871,205,32.847,59.893,106.16,107.118,165.782,124.321,166.506,200.043,168.871,151.213,81.695,133.686,159.085,174.092,255.257,67.513,129.832,134.234,159.551,137.179,207.965,65.737,100.131,154.788,163.555,103.425,133.137,158.275,141.8,136.469,36.694,21.345,105.03,144.182,167.66,223.739,161.676,162.734,165.776,159.387,106.217,217.236,116.207,176.709,181.022,160.501,270.924,196.937,329.2,329.2,123.451,270.851,105.108,146.862,201.062,153.431,117.601,89.655,207.413,122.348,124.07,115.472,111.872,117.492,332.003,203.712,61.008,145.248,223.171,121.042,197.592,169.623,43.146,76.351,142.662,134.658,96.744,62.694,90.168,189.527,104.22,172.933,50.444,102.434,34.779,61.994,314.064,138.538,153.933,156.217,151.464,235.909,129.712,136.488,90.791,231.59,187.661,65.587,101.265,225.887,84.095,168.635
Aug,Beed,237,72,79.4,178.4,92.3,81.6,79.4,140.545,165.07,72,165.07,81.6,156.61,110.473,92.3,140.545,113.57,165.07,94.632,166.104,193.352,156.61,61.446,110.473,94.269,193.203,96.944,201.271,99.07,125.879,144.661,141.011,105.496,47.291,177.691,45.072,100.946,212.509,99.254,102.783,71.85,129.315,165.084,149.98,276.894,48.094,186.416,281.441,128.99,29.939,59.876,78.955,171.571,114.638,260.156,223.478,103.154,43.409,165.344,276.56,199.267,104.355,259.731,77.883,77.883,56.011,61.401,86.606,52.896,103.035,231.957,90.645,129.431,72.306,44.715,167.57,97.54,164.117,109.867,146.939,21.915,50.456,195.338,260.434,105.423,95.88,62.478,75.938,35.49,122.153,38.11,216.192,149.445,131.366,51.081,24.82,47.695,47.454,69.352,58.275,227.775,104.339,46.557,124.36,34.804,96.811,120.476,138.32,142.1,82.364,123.699,163.163,93.511,38.845,185.83,62.448,154.044
Sep,Beed,154.6,377.7,123.2,48.1,152.8,105,123.2,100.018,89.732,377.7,89.732,105,227.46,127.764,152.8,100.018,91.724,89.732,216.655,293.898,53.494,227.46,249.379,127.764,125.863,225.509,111.613,56.718,189.263,359.12,59.173,77.161,59.914,140.475,430.256,177.915,339.957,112.901,258.747,114.691,102.52,61.841,297.47,178.187,150.066,105.088,238.099,201.35,206.286,240.588,133.707,184.975,94.955,222.829,65.405,295.193,60.036,342.189,249.395,64.328,98.136,180.176,208.837,279.036,279.036,149.614,67.279,334.37,449.469,105.769,226.031,214.598,172.012,144.959,302.856,118.245,258.639,122.958,71.424,244.387,116.473,146.254,268.881,173.674,372.391,143.56,232.837,268.647,174.03,271.681,209.112,221.429,102.003,208.275,261.521,132.658,129.063,147.684,257.437,102.491,344.526,381.296,289.972,209.639,51.696,15.902,79.191,355.531,233.461,290.233,51.636,88.49,126.315,394.612,229.602,305.578,69.839
Oct,Beed,112,103.6,22.4,13.4,76.9,81.3,22.4,45.377,25.269,103.6,25.269,81.3,191.164,118.251,76.9,45.377,100.615,25.269,149.177,110.554,40.043,191.164,104.825,118.251,193.636,41.103,7.955,133.572,29.106,65.621,130.354,5.7,114.95,154.619,77.958,49.267,97.101,1.327,17.54,64.26,110.609,3.949,153.961,218.929,127.496,2.84,127.397,43.017,21.876,50.348,36.505,8.466,4.757,28.001,93.319,44.505,216.095,73.915,152.109,50.667,121.844,83.3,114.094,10.292,10.292,68.232,108.661,69.12,36.57,21.141,15.253,15.296,41.027,80.907,205.369,8.803,20.208,57.261,16.096,68.277,95.918,3.474,124.469,25.543,40.158,91.575,155.628,85.493,47.121,90.704,49.709,0.857,52.56,60.775,3.459,48.204,22.836,10.811,22.27,4.105,158.832,134.448,83.763,10.485,17.346,49.224,1.166,45.347,11.6,2.075,1.264,25.175,32.275,68.157,97.868,79.279,84.208
Nov,Beed,0,0,18.6,2.9,3,0.9,18.6,2.637,8.492,0,8.492,0.9,20.592,20.991,3,2.637,12.298,8.492,0.259,54.333,127.402,20.592,8.803,20.991,3.115,5.287,19.533,28.105,1.028,2.545,42.44,10.603,57.324,0.287,0.4,43.718,12.377,5.632,102.306,45.899,104.374,53.192,0.743,0.259,1.279,52.843,0.259,0.259,26.132,38.201,0.942,85.685,3.559,10.783,0.422,44.948,20.356,36.235,18.12,42.331,7.483,76.452,3.605,0.259,0.259,0.259,0.791,0.259,13.58,89.213,4.525,52.823,4.003,7.937,0.67,0.5,0.259,22.978,30.466,0.311,0.259,124.934,9.602,75.22,25.304,71.486,97.196,25.278,0.307,0.259,75.772,6.356,49.398,6.702,0.259,99.175,29.788,0.259,38.06,10.794,53.427,55.585,13.875,26.675,0.261,25.151,52.109,36.654,0.259,0.259,0.302,4.657,0.898,0.259,1.702,75.625,0.37
Dec,Beed,12.7,0,0,0,24.9,0,0,0,5.318,0,5.318,0,0,0,24.9,0,0,5.318,0,0,24.341,0,0,0,20.745,0,0,3.874,6.001,1.647,23.553,27.985,1.663,1.112,14.493,0,12.496,7.508,1.593,0.672,1.437,0.05,0,0,0,0.261,0,0,0.807,0.439,56.752,9.115,18.2,1.171,0,31.942,0.992,0.216,0.001,0.059,0,0,0,16.608,16.608,2.793,0,3.045,0,0,8.723,5.292,1.032,0,0,40.118,0,6.051,1.589,0.816,17.074,1.949,2.422,0,23.834,0.71,14.15,0.196,6.215,1.938,0,2.379,0.079,18.48,1.432,0,0,0,2.25,10.426,0,0,12.856,19.609,7.951,0,3.447,0,11.744,0,3.267,13.654,0,0,7.567,27.968,0
Jan,Hingoli,0,0,20,0,0,0,20,15.933,0,0,0,0,2.111,8.174,0,15.933,12.522,0,0,0.335,19.347,2.111,21.46,8.174,0,0,0.513,0.684,0,0,18.542,2.358,17.316,6.751,0.27,12.917,17.721,0.279,2.499,17.447,0,0,2.968,0,0,0,2.135,2.934,0,14.028,3.423,25.693,10.501,0,0,1.563,0,3.726,4.24,0,0.135,0.609,9.644,0,0,0,1.588,0,10.515,6.188,28.225,0,1.061,0.395,17.208,0,6.143,0,0,0.001,0,1.179,15.152,6.207,8.57,0,0.001,0,0.002,0,0,40.55,0,1.857,0,31.457,3.464,20.805,13.47,1.196,0.349,0,25.19,0,0,0,2.79,0,1.403,0,1.337,7.975,0.27,0,4.666,0.883,28.902
Feb,Hingoli,0,0,7.5,24,6.8,0,7.5,0.798,3.857,0,3.857,0,3.114,5.259,6.8,0.798,0,3.857,19.887,1.046,0,3.114,0,5.259,4.077,0.333,3.28,0.797,0,3.621,7.222,23.117,0,8.687,0,0.699,0.973,0,30.172,20.749,5.186,0,20.98,1.412,1.697,0,0.159,0,0,5.454,5.493,0,1.254,0,11.749,0.001,2.309,0,0,0,0,0,0,0.043,0.043,29.819,0,30.834,1.843,3.335,16.281,13.888,0,15.956,0.873,22.275,7.592,2.256,0,4.388,29.536,25.74,0,0,8.735,9.507,0,1.873,32.778,21.385,4.838,2.286,0,0,0.405,0.806,0,0,0.555,0.001,25.729,1.998,0.642,18.003,7.832,15.22,0,0,0.6,1.544,9.138,0.001,1.886,0.646,1.544,0,4.71
Mar,Hingoli,0,13.6,35.8,80.2,2.7,0,35.8,5.529,0,13.6,0,0,5.729,9.716,2.7,5.529,34.783,0,0,2.872,3.431,5.729,33.958,9.716,4.468,0,0.699,5.213,41.181,0,8.337,0,6.052,0,1.547,1.306,38.146,3.646,4.883,13.058,3.227,5.249,21.157,0.665,0,0,0.005,0,0.811,64.081,8.976,15.092,0.182,7.363,13.71,5.004,24.495,51.72,1.116,5.533,20.357,0,10.497,7.591,7.591,0.002,0.052,9.567,0.267,3.469,2.975,0,0,23.118,5.098,0,4.154,0,3.935,10.686,8.967,15.035,0,0,12.834,15.679,9.459,1.56,0.295,25.559,8.871,0,0.002,16.215,35.429,0,0,0.861,0.908,0.727,13.681,1.463,62.467,10.489,0,0,0.001,0.855,11.789,11.138,0.11,0.182,0,17.339,0,0.409,46.238
Apr,Hingoli,0,2.5,39.8,8.3,14.6,0,39.8,9.57,1.229,2.5,1.229,0,5.801,35.591,14.6,9.57,6.57,1.229,0.849,0.463,26.267,5.801,1.334,35.591,1.508,1.042,18.865,0.055,2.747,12.356,1.2,12.19,15.573,0.064,0,27.325,1.27,6.171,1.259,25.917,3.293,12.592,0,8.776,12.869,1.687,0,6.723,0.945,18.571,6.542,14.869,11.915,2.727,21.17,19.47,16.436,3.407,30.76,35.004,29.724,0.913,5.738,26.819,26.819,11.231,14.434,2.077,2.725,4.859,12.401,16.895,10.401,0,0.162,10.731,6.672,15.708,13.345,12.752,41.106,1.614,10.368,9.504,22.319,12.516,5.208,13.093,13.79,1.389,16.151,1.938,0,9.582,14.193,7.169,4.603,4.45,4.295,0.959,8.964,0.195,18.16,2.4,3.731,9.665,0,0,13.517,4.035,39.286,0,6.157,0.009,0.454,8.949,38.9
May,Hingoli,2.8,1.8,9.5,0,0,0,9.5,5.752,14.169,1.8,14.169,0,2.037,6.676,0,5.752,5.015,14.169,55.638,2.364,4.436,2.037,29.487,6.676,1.144,27.12,3.761,73.045,18.107,21.254,29.597,4.572,0.548,0.064,3.8,39.326,16.438,1.006,24.93,10.434,14.784,1.536,12.919,34.948,1.866,11.524,13.358,21.53,21.293,0.065,12.746,19.742,0.794,0.102,9.563,15.948,50.994,29.381,8.337,17.187,12.586,48.788,15.646,2.678,2.678,22.886,17.099,14.952,40.718,0.699,2.48,10.426,0.533,1.268,37.888,15.379,0.064,9.543,0.064,23.871,1.577,25.895,0.691,0.533,57.248,15.803,6.714,1.348,0.426,0.064,0.064,35.238,33.211,0.069,0.351,1.57,0.064,1.62,16.789,55.788,30.929,19.053,3.795,9.537,35.587,15.675,5.632,5.804,15.773,0.782,0.064,0.548,7.923,10.326,50.548,1.048,21.855
Jun,Hingoli,231,171.5,164.1,18.6,257.5,52.5,164.1,217.389,159.343,171.5,159.343,52.5,67.664,172.138,257.5,217.389,159.835,159.343,154.736,70.795,120.321,67.664,122.051,172.138,71.449,71.538,173.77,142.711,140.813,106.8,169.343,190.114,223.084,53.628,168.387,66.563,101.907,204.343,197.032,201.855,99.838,77.8,112.873,108.791,88.658,114.786,136.029,216.264,151.545,99.369,138.43,49.64,149.365,101.46,217.237,78.418,134.529,179.329,172.65,91.852,127.977,125.138,190.946,216.058,216.058,117.098,142.351,62.157,223.699,181.85,70.861,231.744,176.349,89.61,205.98,180.108,41.706,202.711,103.486,302.439,110.622,158.172,200.781,100.472,246.137,110.966,93.083,147.926,131.436,160.409,147.367,39.794,175.664,27.848,26.717,213.059,233.558,110.839,146.294,142.372,159.214,160.81,168.062,241.584,126.899,40.146,93.434,278.2,165.335,134.607,113.655,201.898,71.358,114.761,156.782,60.619,140.49
Jul,Hingoli,99.4,321.8,44,87.5,418.3,274.8,44,43.103,175.134,321.8,175.134,274.8,214.459,169.872,418.3,43.103,49.673,175.134,162.181,183.235,145.71,214.459,329.988,169.872,218.618,83.885,165.617,194.666,194.683,370.599,85.71,278.739,218.12,94.153,234.608,320.211,211.687,99.604,188.992,218.919,178.326,241.278,267.045,98.867,184.631,72.074,52.517,122.933,222.88,291.319,209.56,209.548,365.207,197.545,172.612,194.424,319.496,181.175,273.388,466.162,249.945,306.801,211.672,275.14,275.14,171.871,253.695,162.642,252.792,199.43,160.337,208.901,162.406,227.782,132.516,200.033,101.447,255.018,137.431,304.524,244.619,126,230.543,234.131,265.596,257.72,367.015,52.445,132.45,149.503,112.932,172.214,103.24,187.718,310.754,119.734,143.201,74.716,143.189,106.753,213.702,282.541,92.77,217.226,292.865,235.487,175.913,120.846,232.077,178.551,193.24,276.997,99.592,124.389,325.422,161.556,227.503
Aug,Hingoli,220.2,80.8,170.2,160.9,206.8,141.5,170.2,250.762,254.783,80.8,254.783,141.5,279.277,161.479,206.8,250.762,185.946,254.783,217.103,232.429,239.048,279.277,80.823,161.479,165.041,277.099,132.351,314.898,186.336,227.576,110.074,246.564,147.065,128.909,446.849,93.146,229.269,310.738,155.322,150.683,172.998,211.982,231.672,153.4,461.335,106.42,187.991,348.753,132.581,81.732,174.148,88.224,162.239,217.445,552.62,250.847,228.317,116.21,257.645,433.889,330.53,184.128,387.941,145.315,145.315,127.148,156.819,109.872,126.259,140.299,319.538,147.484,195.65,170.053,57.509,391.147,180.415,234.272,246.824,156.899,47.549,144.875,245.7,310.665,209.214,256.896,167.607,87.716,76.903,151.744,110.564,253.049,164.257,189.455,104.281,50.742,132.972,125.669,134.859,100.33,239.755,137.231,145.392,152.613,117.322,210.288,176.173,224.816,161.355,243.08,172.727,156.257,198.74,55.748,336.921,115.84,274.827
Sep,Hingoli,62.4,226.5,192.2,160.1,140.7,184.9,192.2,157.848,70.859,226.5,70.859,184.9,326.431,196.645,140.7,157.848,51.915,70.859,284.803,444.069,55.541,326.431,292.417,196.645,183.598,263.058,65.48,56.678,202.227,248.786,87.571,71.304,58.309,102.464,358.627,272.63,413.496,122.45,203.576,51.577,111.011,87.052,479.218,143.301,158.653,62.569,136.704,265.195,267.642,234.51,207,284.685,85.626,236.464,118.775,368.287,161.777,200.02,419.942,152.244,109.152,284.243,217.44,285.545,285.545,194.328,129.441,359.189,429.746,313.319,347.878,105.61,219.375,242.531,377.71,150.162,186.032,144.661,97.328,274.271,195.709,165.958,262.736,167.7,334.182,187.13,292.943,376.304,196.987,284.056,161.55,94.119,92.654,202.903,331.742,294.183,141.708,97.518,320.908,95.529,359.484,277.774,375.006,374.833,73.975,73.877,99.62,467.626,186.957,320.634,40.976,92.266,286.09,398.336,219.867,177.242,89.508
Oct,Hingoli,71.4,115.3,6.8,6.7,139.4,58.2,6.8,58.852,10.181,115.3,10.181,58.2,194.65,85.93,139.4,58.852,45.912,10.181,117.825,93.693,38.361,194.65,82.757,85.93,175.911,41.054,7.164,138.71,19.859,121.97,91.496,4.684,84.075,128.046,171.896,34.631,69.488,0.732,16.617,97.722,49.266,1.312,111.575,141.665,163.514,1.101,175.341,10.237,20.603,15.06,43.003,2.376,9.066,15.631,130.713,50.634,298.354,70.887,184.525,33.479,36.991,93.158,86.196,6.288,6.288,112.885,110.568,19.129,62.66,35.034,5.697,2.604,35.271,94.032,127.165,6.58,8.519,70.005,13.011,62.078,116.274,12.334,51.925,14.485,54.689,79.527,220.403,61.186,47.134,72.423,73.356,0.777,40.428,91.088,0.732,55.763,38.801,2.198,48.516,1.162,80.629,128.554,151.639,13.022,34.446,16.13,0.733,89.679,3.368,0.732,1.955,12.123,13.636,97.549,120.118,74.049,117.658
Nov,Hingoli,0,0,0,0,0,0,0,3.526,2.421,0,2.421,0,13.931,17.74,0,3.526,3.186,2.421,0.199,48.342,127.789,13.931,6.122,17.74,0.797,3.724,15.465,10.907,0.74,3.839,44.817,7.18,14.149,0.716,0.199,36.616,20.693,0.204,38.298,41.447,81.911,13.208,0.331,0.199,0.436,18.425,0.199,0.199,39.968,14.934,16.579,55.354,0.232,0.399,0.199,78.808,3.397,27.444,6.602,37.848,0.199,75.616,0.884,0.199,0.199,0.199,0.962,0.267,0.199,113.543,0.805,74.882,0.738,39.209,0.699,0.199,0.199,24.324,12.421,0.199,0.199,88.279,2.005,86.039,5.454,14.6,38.852,7.447,0.199,0.199,98.422,14.963,35.725,13.343,0.199,49.783,3.236,0.199,18.152,18.383,10.024,39.24,7.156,31.166,0.199,16.589,20.191,69.433,0.199,0.199,5.935,6.217,0.772,0.199,0.242,58.798,0.199
Dec,Hingoli,0,0,0,0,1.3,0,0,0,2.724,0,2.724,0,0,0,1.3,0,0,2.724,0,0,29.987,0,0,0,13.707,0,0,8.439,15.63,3.407,14.056,20.324,2.27,0.259,10.181,0,32.727,56.752,1.807,2.433,4.504,0,0,0,0.384,0,0,0,0.13,0.274,38.38,38.34,12.252,0,0,69.759,1.604,0.567,0,0,0,2.462,0,3.282,3.282,0.655,0,11.37,0,0,14.729,5.734,0.003,0,0,67.728,0,4.832,0.227,0.439,39.476,10.384,8.415,0,51.439,0.345,20.317,0.135,17.755,8.64,2.777,2.617,2.785,47.163,0.001,0.383,0,0,0.491,49.305,0,0,8.378,41.003,12.204,0.249,0,0,29.403,0.005,2.374,18.414,0,0,30.4,47.192,0
Jan,Jalna,0,0,18.6,5.2,0,0,18.6,7.845,0,0,0,0,2.601,8.208,0,7.845,7.042,0,0,0.874,18.539,2.601,13.924,8.208,0,0,0.053,0.105,0,0,26.541,0.052,11.445,5.069,0.396,10.232,22.303,0.427,4.782,10.845,0,0.006,1.65,0,0,0,0.002,2.508,0.043,6.076,0.004,11.903,13.351,0,0.066,0.401,0.01,5.614,0.16,0.082,0.213,1.096,7.659,1.907,1.907,0,2.125,0.016,0.011,9.112,11.702,0,3.675,0.328,6.561,0.019,6.708,0.081,0.27,0.068,0,1.799,3.458,4.106,4.949,0,0.009,0.004,0.016,0.004,0,34.665,0,4.583,4.915,20.587,1.896,23.874,9.778,0.519,1.701,0,9.002,0,0,0,7.599,0,7.658,0.023,0.214,18.497,0.382,0,1.279,2.061,20.98
Feb,Jalna,0,0,5.1,8.8,0,0,5.1,1.861,1.767,0,1.767,0,3.842,3.135,0,1.861,0,1.767,16.359,2.197,0,3.842,0,3.135,3.17,0.015,2.522,1.252,0,0,10.184,16.962,0,9.911,0,0.926,1.94,0.076,4.621,28.057,6.443,0.001,3.058,2.105,2.013,0.002,0.187,0.008,0,15.787,0.007,0,1.388,0,7.978,0,4.533,0,0,0,0,0,0.013,0.385,0.385,8.59,0,6.13,0.002,4.921,11.783,12.092,0,7.544,1.103,13.912,12.676,4.225,0,1.713,5.412,14.272,0,0,1.808,8.575,0.022,0.189,8.941,22.142,0.922,3.435,0,0,1.36,4.582,0.001,0.587,2.117,0,18.093,2.607,0.85,5.526,3.584,12.136,0,0,2.373,0.293,14.351,0.92,1.438,1.27,0.293,0,2.616
Mar,Jalna,0,6.5,41,62.8,0,0,41,2.404,0,6.5,0,0,2.773,5.059,0,2.404,11.811,0,0,1.775,2.657,2.773,12.742,5.059,2.555,0,1.014,0.514,21.822,0,1.336,0,0.604,0,1.56,0.882,8.617,1.165,8.228,16.597,6.502,3.695,1.793,8.584,0,0,0,0,0.001,22.934,4.446,5.374,0.074,8.693,6.329,6.016,2.737,4.892,0.073,3.25,9.413,0,5.286,12.007,12.007,0,4.407,4.726,0,3.143,11.515,0,0,20.809,1.537,0,8.021,0.235,1.613,3.249,1.635,7.381,0,0,3.168,8.458,1.356,0.498,0.249,1.6,7.751,0.012,0,0.876,27.195,0,0,0.013,0.002,0.985,6.456,7.421,30.885,3.742,0.006,0,0.006,0.35,2.436,7.563,0.11,0.548,0,4.668,0,0.122,27.808
Apr,Jalna,0,0.2,22.3,16.7,0,0,22.3,18.569,0.238,0.2,0.238,0,1.971,27.031,0,18.569,4.123,0.238,0.131,0.154,20.87,1.971,7.569,27.031,0.477,0.826,17.659,0,5.623,14.942,1.03,6.453,15.125,0.034,0.017,10.734,0.656,4.45,0.634,14.196,0.08,6.504,0,9.449,2.291,3.023,0,21.2,0.434,14.361,4.316,0.756,21.344,13.322,13.585,14.37,8.421,1.843,10.666,21.133,27.852,2.739,9.415,15.53,15.53,1.733,13.622,3.377,3.649,7.152,31.112,10.877,8.337,0.01,0.094,9.276,9.945,15.357,2.626,16.545,29.528,4.713,9.301,6.508,9.39,20.542,6.971,3.776,30.686,0.703,10.3,3.865,0,15.552,12.59,11.367,3.009,3.819,6.699,1.463,17.954,0.457,20.127,1.557,1.292,4.561,0,0,9.7,2.287,51.957,0,4.636,1.213,2.966,10.198,22.905
May,Jalna,2.8,2.5,2,0.9,0,0,2,4.375,16.754,2.5,16.754,0,3.569,11.918,0,4.375,8.183,16.754,52.419,5.205,3.738,3.569,29.373,11.918,1.18,27.239,6.807,75.901,21.935,22.615,41.564,8.175,1.617,0.145,2.727,38.519,26.173,3.652,8.919,7.62,2.591,0.917,18.246,63.661,7.24,1.469,46.551,22.761,0.809,0.145,3.352,45.409,1.157,3.722,1.707,43.815,62.368,38.026,10.086,8.149,37.82,71.614,10.15,4.196,4.196,16.917,9.445,21.838,56.394,0.615,5.974,12.858,0.454,2.657,61.592,0.865,0.445,26.087,0.153,59.651,1.649,78.649,0.247,0.454,75.742,10.11,0.966,5.853,0.404,0.163,0.177,22.489,52.833,0.313,4.273,16.212,0.145,2.203,4.98,67.336,11.593,42.71,10.572,13.253,28.986,4.706,2.677,12.4,36.095,0.787,0.145,0.146,1.498,1.711,62.935,2.158,36.864
Jun,Jalna,154.7,126.3,126.1,20,183.5,42.9,126.1,193.412,122.479,126.3,122.479,42.9,83.315,196.885,183.5,193.412,120.751,122.479,158.43,69.582,158.49,83.315,86.241,196.885,68.09,61.571,160.119,127.521,135.446,89.212,135.921,177.469,166.816,57.746,77.22,61.648,85.478,220.854,121.464,154.611,129.828,91.586,119.555,88.769,102.971,105.458,75.002,198.446,139.182,47.99,105.83,73.969,76.522,111.947,132.595,63.831,114.226,73.509,154.701,66.185,109.594,111.434,197.017,137.81,137.81,144.751,131.075,42.34,143.516,219.922,44.082,180.312,73.226,80.197,116.602,147.973,17.771,159.353,100.696,192.754,88.14,108.664,152.081,80.534,160.063,82.175,97.14,90.414,162.383,105.054,133.127,76.939,73.321,63.072,37.681,144.793,137.096,99.074,146.727,99.454,178.744,133.708,228.095,213.468,149.409,67.476,81.149,160.78,203.259,105.756,104.335,156.276,84.355,53.735,57.882,42.062,184.834
Jul,Jalna,61,310,14.2,98.2,244.6,100.4,14.2,24.548,116.792,310,116.792,100.4,169.422,150.109,244.6,24.548,51.883,116.792,102.522,136.336,111.774,169.422,225.212,150.109,156.122,68.956,132.825,159.043,102.709,254.841,50.226,179.964,140.829,124.553,139.16,140.554,99.563,107.624,145.66,177.095,107.994,167.669,129.186,149.506,132.517,54.829,23.845,70.708,135.773,195.835,169.674,186.045,160.369,144.402,169.781,114.091,189.686,123.172,167.139,201.022,140.392,216.698,145.535,257.872,257.872,124.061,253.201,122.68,191.346,169.023,136.938,145.205,119.061,207.609,135.848,155.577,157.154,162.028,98.567,283.654,172.16,61.418,220.552,182.406,128.136,190.607,186.437,49.611,102.471,117.896,142.648,183.712,64.41,139.177,206.466,114.433,146.762,54.456,118.187,56.389,75.579,243.002,108.019,152.961,183.299,152.423,136.306,132.505,150.343,114.359,183.008,206.55,113.496,120.976,205.337,104.093,176.24
Aug,Jalna,199.2,91.5,139.2,142.4,125.7,60.4,139.2,157.701,108.335,91.5,108.335,60.4,142.48,103.512,125.7,157.701,100.49,108.335,120.472,146.977,193.511,142.48,42.45,103.512,93.672,181.121,73.994,220.176,119.273,136.361,113.593,150.977,123.382,56.685,213.381,42.444,133.255,180.647,126.16,122.841,101.673,171.614,240.274,144.331,291.084,73.324,189.282,330.492,138.3,91.15,98.871,71.226,195.412,103.857,239.327,166.009,110.619,106.23,157.878,293.864,189.505,89.487,207.859,91.153,91.153,74.684,83.792,86.784,74.648,78.569,219.586,85.066,132.392,149.472,25.45,197.293,79.941,130.492,182.149,105.04,21.426,60.596,157.811,215.144,99.436,102.381,113.9,68.831,41.258,112.786,47.538,217.51,103.818,138.498,53.183,39.173,71.475,39.154,83.749,61.359,231.67,115.604,57.608,92.165,60.724,87.593,92.219,136.583,108.374,131.181,120.888,117.19,90.79,40.449,209.266,85.772,204.023
Sep,Jalna,168.3,247.2,164.8,117.1,154.5,71.7,164.8,133.805,79.02,247.2,79.02,71.7,274.416,172.729,154.5,133.805,62.651,79.02,262.205,371.621,44.48,274.416,266.271,172.729,150.937,259.175,66.493,54.187,191.827,302.095,63.271,71.458,65.487,127.418,436.186,132.638,305.269,92.935,207.982,65.122,109.708,94.079,291.055,123.005,180.54,102.163,218.374,163.698,285.979,202.124,148.906,226.928,75.135,206.184,68.867,356.244,147.452,270.082,266.074,136.905,162.245,263.341,232.886,318.692,318.692,153.038,70.454,348.311,500.594,121.821,241.794,188.212,287.276,172.525,335.889,162.959,175.32,160.485,47.891,311.717,143.661,165.111,273.826,255.077,392.736,126.767,262.696,339.506,140.037,302.46,189.784,128.077,89.411,194.473,333.787,214.451,168.247,80.461,284.457,63.455,350.536,338.271,266.7,323.068,100.788,12.305,56.062,331.207,213.231,193.905,30.083,121.943,198.095,492.749,201.033,226.338,76.36
Oct,Jalna,98.9,80.7,11.9,14.8,97.8,46.9,11.9,35.254,15.82,80.7,15.82,46.9,170.808,63.39,97.8,35.254,55.964,15.82,130.908,65.175,27.229,170.808,49.941,63.39,169.831,38.435,1.472,114.384,9.224,90.913,92.212,2.765,99.102,190.077,81.421,35.905,84.773,0.587,24.504,50.855,70.243,0.852,115.078,134.296,70.925,0.613,121.715,27.897,14.27,34.958,33.118,1.357,5.181,28.644,89.989,9.396,219.959,108.272,156.969,35.527,57.933,57.945,130.624,8.941,8.941,34.482,121.401,24.926,48.38,13.167,14.438,1.998,30.036,60.729,163.704,3.793,13.752,59.783,13.579,80.096,126.637,1.351,95.021,14.233,41.405,69.974,166.274,49.466,65.438,115.001,88.779,0.587,28.931,95.527,0.587,24.517,7.92,1.674,25.276,1.233,104.939,116.289,134.991,7.208,3.025,30.457,1.203,81.377,11.656,0.816,2.036,13.028,12.613,68.99,55.683,96.914,146.91
Nov,Jalna,0,0,1.6,2.5,6.8,0,1.6,4.149,6.719,0,6.719,0,4.909,16.899,6.8,4.149,10.255,6.719,0.292,71.944,152.395,4.909,1.772,16.899,2.892,2.411,19.646,18.671,0.362,4.868,48.955,2.395,48.734,1.83,0.292,32.151,13.892,3.588,81.955,40.458,144.795,71.565,0.473,0.292,0.655,61.517,0.292,0.292,46.902,38.649,0.311,92.837,0.533,7,1.064,72.81,5.446,14.008,14.339,79.14,4.97,56.126,1.039,0.292,0.292,0.292,6.739,0.586,13.004,151.041,3.357,98.753,2.48,13.198,0.515,0.292,0.292,24.563,41.435,0.294,0.292,186.159,11.705,118.319,4.674,60.04,57.707,19.46,0.292,1.373,106.685,3.606,87.335,6.696,0.295,107.971,2.113,0.292,48.277,45.837,13.317,35.32,19.003,24.571,0.292,34.844,89.053,47.636,0.292,0.292,0.345,1.677,2.136,0.292,0.327,112.097,0.292
Dec,Jalna,0,0,0,0,10,0,0,0,6.471,0,6.471,0,0,0,10,0,0,6.471,0.328,0,38.522,0,0,0,34.537,0,0,9.347,14.132,0.479,33.808,32.5,0.4,0.201,6.943,0,40.074,18.173,2.551,6.073,11.892,2.045,0,0,2.016,0,0,0,0.085,0.41,91.282,20.853,17.136,0,0.01,54.819,2.824,0.888,0,0.092,0,9.178,0,5.844,5.844,5.778,0,23.433,0,0.013,36.612,16.547,0,0,0,57.539,0,11.341,1.507,0.503,25.297,3.171,1.713,0.508,52.709,0.891,12.716,0.372,1.702,18.909,6.419,6.746,11.707,13.941,5.555,3.999,0,0,0.622,18.873,0,0,43.853,29.212,23.833,0.444,0,0,40.735,0,5.272,19.337,0,0.006,2.584,56.082,0
Jan,Latur,0,0,13.1,0,1.7,1,13.1,19.108,0,0,0,1,1.57,14.502,1.7,19.108,17.987,0,0.022,0.887,16.721,1.57,24.359,14.502,0,0,1.662,1.407,0,0,14.679,8.842,14.153,6.279,0.003,8.241,15.526,0.995,4.859,18.545,0,0.206,6.166,0,0,0,2.32,2.674,0,16.411,3.048,26.06,2.629,1.022,0,1.27,0,1.636,3.888,0.465,0.192,0.006,7.486,0,0,0,0.471,0,9.503,6.721,20.2,0,1.422,0.239,21.72,0.033,6.658,0,0.094,0,0,0.519,15.09,7.027,6.806,0,0.022,0,0.067,0,0,42.279,0,1.749,0.083,34.958,2.99,14.633,10.117,1.368,0,0,31.857,0,0,0,0.366,0,0.508,0.068,1.011,7.91,0.479,0.05,6.151,0.006,18.984
Feb,Latur,0,0,0,19,33.2,0,0,0.856,8.674,0,8.674,0,2.454,7.103,33.2,0.856,0,8.674,16.618,1.195,0,2.454,0,7.103,3.55,0.42,2.68,0.834,0,16.097,5.38,22.29,0.046,13.178,0.096,0.407,0.089,0.117,36.328,27.732,0.022,0,18.17,0.605,0.706,0.025,0.235,0.05,0,16.585,4.935,8.152,0.963,0.193,6.12,2.996,0.018,0,0.034,0.062,1.51,0.046,0,0,0,29.04,0,29.192,2.024,0.202,19.19,13.423,0,17.658,0.01,20.187,4.626,0.819,0,6.562,36.337,34.85,1.071,0,12.505,5.737,0.056,2.053,42.047,19.592,4.729,0.018,0,0,3.688,0.069,0,0,1.587,0.019,34.22,5.724,0.253,12.942,14.483,24.17,0,0,1.673,10.179,5.286,0.22,4.068,0.137,1.32,0,9.564
Mar,Latur,6.2,10.8,36,96.4,0,0,36,7.592,0,10.8,0,0,4.126,9.434,0,7.592,37.305,0,0,2.888,5.025,4.126,36.165,9.434,6.303,0,0.42,10.341,39.15,0.181,16.579,0,11.619,0,0.139,1.41,40.872,11.268,3.922,7.601,5.143,4.69,24.816,0.123,0,0,4.268,0.102,0.655,49.822,14.718,9.029,0.169,5.809,11.8,2.894,16.421,47.176,0.778,11.949,21.169,0.057,4.761,12.594,12.594,0.083,10.808,13.22,0.348,4.754,1.797,6.425,0,33.04,5.188,0.43,4.803,0.153,8.908,9.195,21.475,13.057,0,0.754,16.812,11.184,13.886,3.863,0.075,28.75,6.536,2.433,0.096,12.609,29.529,0,0.095,0.697,3.554,0.45,17.379,3.485,57.693,3.756,0.207,0,0.835,1.724,15.274,12.284,1.27,5.13,0.866,17.931,0,0.82,38.534
Apr,Latur,0,3.2,55.5,10.9,15.5,0,55.5,10.342,3.771,3.2,3.771,0,17.031,46.564,15.5,10.342,11.117,3.771,2.619,1.864,40.62,17.031,1.448,46.564,4.567,2.944,23.954,0.285,2.894,22.716,2.736,22.41,18.438,1.671,0.093,42.576,8.877,18.615,8.985,28.737,9.89,31.444,2.911,14.129,16.456,15.526,4.772,14.937,7.339,10.3,6.772,19.264,11.862,2.902,20.626,31.745,30.628,5.007,34.301,32.656,45.145,1.355,7.163,30.031,30.031,19.029,24.368,0.506,7.989,6.414,5.209,27.739,22.975,0.491,6.094,21.545,1.128,22.713,16.988,12.966,68.292,5.414,22.418,19.888,36.507,9.457,9.727,14.28,25.577,6.004,21.424,17.074,0.98,10.399,18.971,1.356,9.806,12.699,8.405,2.089,9.551,1.883,27.379,9.406,8.16,16.037,0.043,0.042,25.858,4.769,49.13,0.322,22.937,0.042,1.321,13.319,57.263
May,Latur,5.9,10.1,29.4,6.4,20,0,29.4,15.155,24.712,10.1,24.712,0,3.447,6.811,20,15.155,5.767,24.712,66.09,5.174,7.168,3.447,37.45,6.811,3.822,32.265,6.05,97.542,16.594,19.407,31.652,4.814,1.124,0.644,14.569,40.751,27.533,3.332,51.958,21.177,26.323,6.474,11.412,22.763,0.294,14.371,23.095,18.431,26.455,1.045,18.527,13.697,1.646,0.448,29.48,20.948,62.607,29.188,9.634,18.628,15.561,66.833,20.986,4.879,4.879,47.624,30.733,11.292,53.936,5.198,1.928,13.763,1.647,4.704,34.46,19.197,4.022,16.71,0.356,11.938,1.442,27.291,0.905,0.411,64.041,21.674,10.775,3.723,1.975,1.074,1.627,46.691,37.984,2.933,0.775,8.911,0.206,4.676,32.373,85.624,40.243,22.089,5.713,10.079,45.913,18.254,4.54,6.117,8.79,2.19,0.387,3.938,12.902,11.006,57.314,1.392,28.169
Jun,Latur,182.6,255.7,168.5,30.9,197.3,98.4,168.5,210.582,185.863,255.7,185.863,98.4,69.961,152.819,197.3,210.582,190.183,185.863,121.27,64.669,89.685,69.961,134.065,152.819,82.855,86.797,184.054,153.362,141.45,105.28,148.772,188.238,199.891,49.051,168.195,74.244,147.714,161.951,167.927,206.838,77.883,94.673,93.474,112.711,90.318,128.156,133.696,210.868,112.014,95.517,128.489,66.685,169.261,98.455,215.496,80.971,142.852,178.292,192.237,73.621,126.139,126.812,181.844,219.415,219.415,98.044,158.972,69.177,200.482,160.384,74.992,204.679,177.468,84.327,213.868,180.569,60.215,178.042,110.608,328.409,97.179,161.051,215.033,106,228.597,114.604,118.576,162.259,139.381,206.461,139.883,34.006,168.658,32.828,17.61,194.917,224.903,92.302,161.235,113.727,151.873,172.366,155.993,203.625,135.037,47.534,90.161,232.329,158.546,119.484,131.833,239.377,79.498,122.654,140.037,53.854,141.754
Jul,Latur,123.2,377.1,50.3,82,452.4,194.7,50.3,57.844,184.63,377.1,184.63,194.7,230.265,180.636,452.4,57.844,56.733,184.63,178.533,209.652,174.71,230.265,325.899,180.636,231.443,95.942,174.509,184.591,286.197,369.145,124.103,249.694,226.265,128.392,233.41,371.253,210.786,115.119,167.496,242.49,193.679,268.604,272.075,89.991,190.948,74.168,57.024,147.595,234.278,238.043,255.737,222.659,386.265,195.42,160.547,187.872,323.198,177.051,290.245,445.018,229.279,323.027,248.097,301.184,301.184,189.128,271.811,162.275,268.894,230.744,195.104,209.442,167.517,221.334,137.155,189.378,91.844,230.125,128.257,282.329,287.053,140.847,206.207,269.661,239.823,267.591,348.616,73.744,115.204,156.181,132.618,133.95,124.615,152.347,269.953,128.521,182.493,106.014,150.58,106.325,217.107,251.035,97.102,207.828,312.326,229.07,198.864,125.044,224.273,163.584,195.374,255.182,68.969,127.477,332.054,164.399,225.889
Aug,Latur,253.8,118.4,146.4,191.6,199.6,176.4,146.4,256.515,366.92,118.4,366.92,176.4,335.623,200.818,199.6,256.515,224.458,366.92,213.3,273.498,233.03,335.623,127.872,200.818,192.345,307.913,180.421,315.26,181.998,245.597,147.186,267.816,126.571,147.199,478.152,110.764,220.186,330.184,145.571,200.621,190.629,214.799,171.461,167.155,440.643,115.953,190.553,338.236,124.684,45.052,146.933,121.935,155.196,262.705,534.874,290.333,223.734,87.231,283.995,415.454,321.12,167.184,429.206,162.867,162.867,131.646,140.397,100.049,137.221,145.432,316.762,158.414,205.429,137.98,78.181,353.023,204.767,251.578,206.344,217.472,53.562,154.384,242.274,326.664,199.677,249.852,145.561,124.441,83.068,141.245,112.082,285.941,198.089,171.6,88.758,62.975,133.82,120.506,128.244,108.882,218.687,144.605,157.891,188.398,103.545,236.124,195.125,218.779,159.32,265.723,202.587,176.732,231.198,58.078,358.592,137.954,242.317
Sep,Latur,75.1,273.4,127.7,99,132,148.5,127.7,135.791,69.762,273.4,69.762,148.5,290.512,174.788,132,135.791,68.771,69.762,257.824,385.571,74.411,290.512,276.182,174.788,185.748,235.66,98.981,76.596,200.751,269.153,88.344,78.522,53.546,109.721,375.831,297.466,404.036,143.982,252.556,110.939,109.675,94.426,485.069,164.216,128.713,60.017,147.299,276.694,289.606,276.932,174.557,308.314,168.89,267.032,131.641,348.673,138.737,229.376,427.077,112.284,83.665,234.893,227.25,284.449,284.449,176.163,145.571,331.257,395.713,315.881,363.146,119.531,182.76,263.487,350.472,113.403,239.366,129.381,135.07,238.356,161.309,174.883,264.366,128.792,309.808,204.758,296.751,297.605,235.92,347.145,169.065,142.481,101.412,210.44,304.388,253.215,150.993,135.682,257.629,108.46,398.022,315.437,342.607,340.644,69.273,93.968,162.332,460.353,180.428,440.336,78.213,127.632,310.289,334.13,237.644,214.644,120.653
Oct,Latur,65,115.6,6.3,10.7,109.7,59.2,6.3,69.457,13.2,115.6,13.2,59.2,175.625,128.877,109.7,69.457,73.831,13.2,101.325,130.341,56.006,175.625,141.917,128.877,178.034,41.079,16.151,131.715,39.801,103.715,102.533,14.621,100.327,78.813,175.794,69.779,56.566,3.552,11.578,91.077,64.88,3.109,133.485,205.729,226.265,3.989,176.973,10.754,20.364,25.47,29.359,8.814,5.878,13.707,150.778,53.715,252.546,54.826,144.513,44.888,70.705,96.288,56.014,11.266,11.266,137.938,92.374,35.974,75.749,28.463,6.816,9.36,51.403,93.863,122.852,12.232,9.748,79.361,21.021,53.954,69.105,36.934,58.068,15.219,57.53,60.613,177.389,76.747,15.281,60.071,60.06,14.086,65.515,73.393,2.704,53.764,39.032,4.984,51.818,1.533,99.114,155.384,114.478,11.832,56.497,23.624,5.266,75.251,1.519,0.843,0.928,26.586,11.279,93.53,176.119,58.169,70.587
Nov,Latur,0,0,0,8,13.9,6.5,0,3.267,2.387,0,2.387,6.5,31.295,24.067,13.9,3.267,2.524,2.387,0.188,40.465,108.835,31.295,13.565,24.067,0.548,7.179,18.459,16.742,1.669,3.711,45.622,16.27,9.522,0.193,7.765,34.767,15.643,0.757,56.693,33.781,80.092,16.242,0.43,1.244,0.809,26.24,0.188,0.188,41.075,33.116,13.072,47.057,0.35,4.114,0.188,63.025,9.618,37.315,11.773,25.279,0.188,92.102,1.625,0.188,0.188,0.188,0.224,0.189,0.438,108.533,1.319,55.084,1.227,40.345,0.774,0.188,0.188,20.964,12.439,0.188,0.188,62.367,0.188,58.818,13.351,34.04,48.257,15.966,0.188,0.188,99.814,12.392,31.201,39.501,0.188,54.64,25.055,0.188,35.411,7.639,26.412,60.827,8.735,26.325,0.55,28.87,11.718,75.87,0.188,0.188,1.35,18.216,0.192,0.188,21.824,54.944,0.36
Dec,Latur,0,0,0,0,0,0,0,0,1.416,0,1.416,0,0,0,0,0,0,1.416,0,0,18.65,0,0,0,7.319,0,0,4.357,7.965,6.221,6.415,14.362,2.844,0.526,11.069,0,9.637,25.739,2.666,1.28,0.087,0,0,0,0.004,0.14,0,0,0.243,0.013,18.828,26.829,7.88,0,0,38.829,0.313,2.369,0.021,0,0,0.345,0,5.867,5.867,0.05,0,1.064,0,0,3.126,2.263,0,0,0,33.096,0,2.907,0.446,0.364,18.041,4.821,4.005,0,22.529,0,10.61,0.316,11.597,6.296,0.065,0.587,0.348,27.578,0,0.004,0,0,1.607,30.552,0,0,1.166,15.414,4.184,0.003,0,0,10.863,0.033,2.936,12.989,0,0,17.719,19.572,0
Jan,Nanded,0,0,4.7,0,7.6,1,4.7,10.846,0,0,0,1,0.376,12.229,7.6,10.846,7.385,0,0,0,11.575,0.376,14.457,12.229,0,0,0.801,1.015,0,0,20.37,3.715,3.578,7.773,0,0.533,12.254,0.05,0.448,4.803,0,0,5.373,0,0,0,0.168,3.224,0,2.708,1.318,5.439,0.272,0.151,0,0.101,0,0.004,0.302,0,0,0,6.33,0,0,0,1.243,0,0.797,13.378,30.879,0,0.217,0,4.429,0,16.595,0,0,0,0,0,4.458,15.318,0.665,0,0.013,0,0,0,0,42.361,0,1.802,0.065,13.729,0.335,21.615,5.219,1.291,0.011,0,20.082,0,0,0,0.031,0,2.203,0,0.3,26.42,0,0,3.955,0,27.991
Feb,Nanded,0,9.8,0,20.7,17.4,0,0,0.324,6.343,9.8,6.343,0,3.54,6.256,17.4,0.324,0,6.343,8.173,2.786,0,3.54,0,6.256,1.527,0,1.218,0.324,0,10.81,9.832,14.9,0,33.98,0,0.407,0.009,0,19.442,31.123,0,0,3.417,0,0.092,0.649,0,0,0,54.213,0.705,1.949,0.082,0.501,5.253,1.929,0,0,0,0,1.577,0,0,0,0,15.742,0,6.521,2.943,0,8.424,9.813,0,14.199,0.112,5.176,8.927,0,0,4.847,13.022,34.357,0.042,0,3.873,1.355,0,0.484,41.606,33.173,0.737,0.084,0,0,3.204,0.94,0,0,0.102,0.266,26.137,3.072,1.154,1.82,2.4,20.546,0,0,1.168,2.773,1.001,0,8.859,0.005,0.168,0,2.428
Mar,Nanded,10.7,19.5,20.1,74.8,4.6,0,20.1,4.526,0,19.5,0,0,1.496,7.88,4.6,4.526,28.177,0,0,0.76,6.189,1.496,22.736,7.88,2.011,0,1.198,9.896,31.565,0,15.877,0,11.46,0.334,0,0.309,20.221,26.385,11.037,8.601,16.56,12.229,8.247,0.424,0,0.025,0.66,0,0.804,35.99,3.735,4.044,0,12.017,16.215,1.32,2.404,20.903,0.117,32.138,24.028,0,4.396,34.415,34.415,0,3.704,8.847,0.186,10.455,3.463,2.806,0,44.402,1.594,0.354,2.334,0,3.888,7.616,30.405,4.928,0,0.479,28.531,27.193,20.608,12.43,0.594,8.02,4.438,2.258,1.379,2.687,23.253,0,0.671,0.092,0.101,0.005,11.536,10.091,24.843,0.456,0,0,0.49,4.932,29.893,18.549,1.5,1.154,0.215,22.7,0,2.349,16.124
Apr,Nanded,0,10.9,43.4,12.6,15.2,5.6,43.4,22.799,4.299,10.9,4.299,5.6,20.172,29.439,15.2,22.799,6.978,4.299,2.979,1.652,34.975,20.172,2.986,29.439,5.291,3.621,21.545,0.362,8.615,32.308,3.965,20.486,10.924,0.859,0.6,42.417,14.14,31.316,12.728,21.344,5.644,34.002,1.251,5.076,3.731,9.806,1.926,26.318,4.353,3.302,1.509,5.869,2.093,7.681,23.023,37.5,34.598,10.349,26.186,32.52,44.599,3.008,4.745,19.019,19.019,14.947,8.756,2.723,1.965,14.985,6.647,17.573,18.066,1.442,5.226,30.877,1.158,34.922,4.358,19.422,53.013,11.508,21.545,44.215,47.809,9.156,26.199,3.213,34.411,12.929,31.05,11.459,0.289,25.06,24.555,4.092,7.359,9.433,4.344,2.105,12.694,3.022,35.292,1.656,6.081,25.643,0.212,0.032,15.417,1.352,65.08,0.096,37.899,0.08,1.355,29.449,37.647
May,Nanded,4.7,9,18.7,6.7,2.6,0,18.7,26.652,35.362,9,35.362,0,5.589,14.41,2.6,26.652,4.065,35.362,67.643,10.623,9.236,5.589,47.057,14.41,5.426,31.013,16.512,117.784,14.656,14.328,46.877,8.828,2.331,0.491,51.663,49.104,33.905,2.595,45.425,65.22,16.452,21.638,9.506,10.591,1.903,13.941,31.948,31.172,9.161,8.995,45.454,10.855,0.966,1.747,26.511,58.018,126.001,67.195,20.302,25.8,36.735,138.426,44.821,20.283,20.283,104.03,36.049,14.304,83.509,14.088,7.594,37.064,3.075,15.718,41.801,12.983,2.891,26.706,1.776,23.979,3.282,36.893,2.153,2.009,72.498,41.973,13.432,17.14,10.304,1.389,4.659,34.659,51.948,1.184,3.168,28.707,0.35,14.121,29.329,130.715,33.733,70.414,8.128,10.428,51.359,12.774,9.561,12.708,27.429,8.481,0.278,3.974,14.547,9.793,67.472,2.492,46.328
Jun,Nanded,207.3,156.7,81,42.9,135.1,115.3,81,184.453,183.453,156.7,183.453,115.3,102.987,172.509,135.1,184.453,167.217,183.453,100.7,62.992,115.624,102.987,112.221,172.509,79.872,92.618,191.932,145.295,139.363,84.473,103.236,194.709,138.707,60.758,109.512,76.278,187.013,63.362,86.188,164.357,116.231,141.765,91.383,121.562,120.908,64.323,66.813,155.592,94.602,84.793,112.012,91.042,116.539,112.695,209.793,109.024,174.739,105.433,121.449,57.976,90.494,92.315,180.183,257.268,257.268,83.225,170.172,60.442,171.988,181.155,113.718,155.569,109.788,89.79,211.205,153.75,49.85,163.569,103.042,277.936,56.93,60.172,206.376,67.452,157.321,59.88,103.95,105.356,164.94,192.634,140.335,40.841,85.687,47.824,28.812,159.697,99.544,81.838,200.911,58.681,132.763,192.524,145.08,186.338,163.701,55.886,98.367,168.328,199.719,84.502,101.401,240.589,106.805,84.811,105.433,46.72,188.878
Jul,Nanded,86.8,333.3,31.5,119.1,333.5,184.1,31.5,43.285,111.489,333.3,111.489,184.1,173.945,152.076,333.5,43.285,54.11,111.489,120.063,179.184,142.485,173.945,199.799,152.076,156.399,83.026,130.581,140.613,247.331,255.799,96.212,118.311,140.222,125.538,136.203,306.499,77.934,62.757,146.424,181.632,122.293,130.967,178.344,133.356,125.96,46.536,36.134,133.987,154.272,161.744,281.585,169.883,180.015,199.092,133.198,113.457,220.004,121.009,185.805,185.128,168.477,278.516,234.344,322.127,322.127,135.615,207.975,75.092,188.39,221.307,143.691,123.069,149.399,193.903,95.997,105.135,84.106,106.579,135.593,215.469,294.601,81.456,102.983,234.616,122.551,220.234,179.001,60.131,87.251,182.189,119.71,66.302,68.789,68.312,227.158,105.473,190.642,80.751,106.734,52.11,96.239,236.71,140.998,171.38,162.142,199.954,240.148,97.206,203.818,109.881,185.605,216.379,27.526,59.227,228.444,63.408,175.092
Aug,Nanded,311.6,93.6,105.4,226.1,153.1,162.5,105.4,169.187,290.674,93.6,290.674,162.5,235.526,154.409,153.1,169.187,162.756,290.674,112.92,220.036,206.324,235.526,104.556,154.409,133.424,241.074,146.205,228.824,110.405,163.267,173.606,183.3,95.139,86.002,214.649,65.364,145.412,244.778,80.607,138.564,100.844,141.416,143.016,148.488,311.337,84.567,156.611,246.748,120.363,29.303,78.833,126.087,133.094,141.973,367.777,286.205,131.181,27.58,191.026,313.663,233.383,106.531,395.31,81.386,81.386,55.681,74.771,84.662,80.668,111.903,272.574,88.205,190.047,56.216,69.106,197.257,115.833,177.075,90.6,211.034,28.067,71.906,173.837,302.684,136.302,96.763,77.691,93.142,46.144,102.827,61.25,245.129,196.182,139.394,68.822,40.692,81.136,71.301,86.905,91.467,229.812,137.636,63.924,197.025,25.802,156.298,163.337,157.569,154.717,108.058,158.795,202.038,120.324,51.387,206.334,79.694,138.084
Sep,Nanded,157.7,427.5,154.1,41.4,115.1,164.1,154.1,89.07,89.69,427.5,89.69,164.1,220.787,114.689,115.1,89.07,108.773,89.69,208.238,273.964,73.199,220.787,251.525,114.689,140.457,209.211,154.741,83.572,204.858,366.201,71.655,87.397,55.918,131.21,463.36,273.494,333.292,146.51,341.022,172.35,110.673,79.994,320.925,205.555,140.32,123.976,201.626,290.804,227.808,282.873,142.765,232.812,118.691,322.93,95.537,316.882,66.013,323.024,270.303,102.281,81.646,180.243,215.548,382.55,382.55,202.935,104.606,332.407,459.573,133.294,260.948,192.974,142.436,163.808,372.307,123.079,322,94.531,146.645,191.415,124.11,188.682,276.961,178.339,288.653,197.107,238.277,323.342,201.193,329.113,229.892,343.614,157.551,233.557,256.519,146.538,124.637,221.855,250.152,180.669,337.181,429.311,295.329,284.338,81.964,51.749,137.779,445.209,271.77,453.894,71.246,89.755,198.545,406.302,321.717,339.679,102.949
Oct,Nanded,95.5,141.1,37.2,28.2,115.2,125.8,37.2,67.496,28.533,141.1,28.533,125.8,183.258,177.968,115.2,67.496,130.663,28.533,129.083,169.971,64.386,183.258,196.048,177.968,189.232,44.112,21.717,135.776,58.829,56.993,149.216,14.217,125.465,83.7,157.987,48.813,98.774,2.256,23.132,104.284,85.731,13.349,233.602,309.761,198.731,6.477,163.633,29.341,25.49,59.445,28.162,26.421,2.84,31.971,120.212,86.972,217.193,27.264,129.602,72.849,120.877,89.352,27.309,10.511,10.511,96.316,91.099,109.257,63.802,15.116,12.287,26.956,73.571,87.132,208.072,9.748,14.783,93.491,22.867,31.832,72.639,14.648,142.54,27.579,50.995,77.783,141.112,92.053,25.062,87.341,47.682,1.124,83.996,43.895,5.933,72.391,41.637,23.585,28.288,4.014,194.315,119.241,103.446,9.994,38.699,51.615,2.603,47.307,3.758,1.696,1.063,39.89,46.65,67.977,193.949,72.383,35.361
Nov,Nanded,0,0,3.3,21.7,3.6,12.9,3.3,2.58,6.578,0,6.578,12.9,43.554,29.63,3.6,2.58,8.44,6.578,0.252,35.534,117.881,43.554,19.249,29.63,2.002,9.645,22.529,31.651,2.333,1.383,46.496,22.537,36.768,0.922,2.89,49.625,5.862,2.062,119.372,39.416,60.889,31.761,0.887,0.252,0.493,44.157,0.252,0.252,27.642,9.65,2.32,92.471,1.85,7.568,0.286,57.246,34.1,52.668,12.92,33.821,0.48,121.371,5.928,0.252,0.252,0.252,0.484,0.252,3.483,38.729,3.568,51.461,1.833,15.897,0.799,0.352,0.252,14.141,16.946,0.252,0.252,66.683,0.904,47.622,40.872,41.95,113.832,27.736,0.273,0.252,82.507,6.107,25.918,19.295,0.252,54.812,44.995,0.252,33.211,13.361,89.762,97.698,5.373,23.913,0.303,23.497,12.935,25.344,0.261,0.252,2.573,13.644,0.252,0.252,11.635,22.824,0.612
Dec,Nanded,0,0,0,4.5,36.8,0,0,0,2.976,0,2.976,0,0,0,36.8,0,0,2.976,0,0,17.124,0,0,0,8.193,0,0,2.858,3.705,4.426,12.169,19.696,2.919,1.481,21.036,0,1.075,7.605,0.224,0.308,0.594,0,0,0,0,0.1,0,0,0.688,0.129,29.748,12.82,12.475,0.4,0,15.156,0.904,0.666,0.201,0,0,0.017,0,17.785,17.785,0.351,0.017,2.526,0,0,8.615,2.256,0.35,0,0,17.913,0,5.317,1.256,1.021,13.255,2.773,1.52,0,19.578,0,12.572,1.035,9.613,5.049,0,1.617,0.088,23.604,0.007,0,0,0,3.843,11.26,0,0,0.567,8.668,7.278,0,1.954,0,4.356,0,2.604,17.992,0,0,13.468,20.967,0
Jan,Osmanabad,0,0,8.2,0,0,0,8.2,7.367,0,0,0,0,0.138,10.313,0,7.367,4.203,0,0,0,10.508,0.138,10.914,10.313,0,0,0.597,0.759,0,0,21.192,1.741,1.594,4.1,0,0,13.806,0,0.945,1.748,0,0,6.25,0,0,0,0,0.627,0,2.305,4.723,5.675,0.442,0,0,0,0,0.081,0.235,0,0,0,3.649,0.128,0.128,0,0.824,0,0,7.831,27.216,0,1.116,0.024,5.442,0,18.543,0,0.024,0,0,0,2.756,8.594,0.435,0,0.074,0,0,0,0,38.2,0,4.543,1.139,8.076,0.547,16.918,2.71,1.484,0.229,0,11.583,0,0,0,0.792,0,2.366,0,0.04,27.818,0,0.085,11.009,0.049,15.5
Feb,Osmanabad,0,5.9,0,18.6,0.6,0,0,0.167,3.009,5.9,3.009,0,3.431,4.059,0.6,0.167,0,3.009,3.125,3.098,0,3.431,0,4.059,0.52,0,0.415,0.09,0,3.689,9.893,7.939,0,22.84,0,0.222,0.111,0,11.512,23.963,0,0,5.494,0,0.25,2.616,0,0,0,31.22,0.551,0,0.119,4.476,10.542,4.052,0,0,0,0,1.383,0.007,0,0,0,6.884,0,2.482,1.193,0,3.812,7.399,0,8.059,0.02,2.004,8.038,0.227,0,5.835,2.794,20.652,0,0,2.948,0.093,0,0.041,23.923,25.634,1.215,0.747,0,0,7.379,1.037,0,0,0.326,0.702,19.136,0.311,2.45,0,0.064,11.935,0,0,0.864,0.062,1.431,0,3.602,0.092,0,0,2.784
Mar,Osmanabad,12.4,11.9,20.6,47.6,10.6,0,20.6,1.736,0,11.9,0,0,0.42,4.788,10.6,1.736,13.343,0,0,0.223,4.423,0.42,10.383,4.788,1.625,0,1.114,5.224,18.926,0,8.417,0,6.032,2.569,0,0.185,12.78,9.481,5.992,7.185,16.203,7.003,0.487,5.262,0,0.146,0,0,0.678,16.345,2.687,1.507,0,8.599,10.229,2.578,0.21,6.481,0,15.994,9.621,0,2.281,18.213,18.213,0,2.51,5.532,1.153,6.852,8.292,0.583,0,23.342,0.478,0.032,6.059,0,2.377,5.622,14.349,4.908,0,0.611,14.886,10.314,7.308,8.646,0.918,5.322,2.457,0.239,1.754,2.317,17.302,0,0.083,0,0.074,0.252,9.206,5.764,17.958,0,0,0,0.053,1.76,11.652,7.838,4.757,0.145,0.292,8.166,0,0.836,11.333
Apr,Osmanabad,0,5.6,42.3,23.4,7.9,10.8,42.3,36.968,4.676,5.6,4.676,10.8,20.546,25.242,7.9,36.968,5.75,4.676,2.93,1.631,35.076,20.546,7.767,25.242,5.721,4.551,26.031,0.666,15.154,42.932,4.883,18.658,10.039,1.063,0.194,45.575,7.279,32.046,7.905,17.515,17.112,21.337,0.683,13.558,1.759,7.705,3.398,24.87,5.69,7.676,6.371,15.379,9.639,12.379,23.53,41.767,20.983,8.882,20.52,25.171,49.544,4.498,5.436,16.463,16.463,11.648,6.647,4.055,2.818,13.323,19.037,30.451,16.028,0.424,8.322,20.81,1.777,32.666,6.902,16.737,49.114,14.551,17.87,38.643,41.809,11.424,35.775,2.984,36.107,9.253,20.898,5.201,2.092,29.753,19.085,13.593,9.179,5.372,4.367,12.477,11.651,5.413,32.984,4.86,4.779,17.088,1.134,0.084,6.571,3.161,78.081,0.116,23.149,0.654,2.453,22.393,34.814
May,Osmanabad,5.2,10.8,16.2,18.9,10.9,17.2,16.2,29.541,36.796,10.8,36.796,17.2,6.08,20.375,10.9,29.541,3.851,36.796,59.078,13.768,8.98,6.08,43.294,20.375,6.025,24.787,23.219,112.578,13.794,10.701,56.982,12.594,4.159,1.347,33.34,58.987,40.657,4.451,43.661,72.782,18.167,19.654,14.57,31.889,6.7,12.125,47.231,34.734,10.229,7.81,29.578,67.733,1.877,3.476,24.959,67.795,109.877,68.074,15.698,36.793,44.502,130.712,52.987,22.337,22.337,92.615,26.231,17.945,92.579,7.287,23.851,46.572,5.881,15.576,41.361,9.734,2.834,35.991,3.271,34.141,2.64,44.417,3.751,4.426,66.343,36.906,8.297,16.61,19.994,0.555,2.3,20.78,73.934,2.151,4.182,38.962,0.345,24.278,18.928,145.446,16.827,72.213,17.445,11.067,51.687,16.169,8.399,5.37,53.806,9.703,0.326,10.269,11.534,9.181,74.527,5.513,52.792
Jun,Osmanabad,259.2,124.1,77.4,42.1,111.3,46.5,77.4,161.184,157.074,124.1,157.074,46.5,109.01,174.136,111.3,161.184,133.345,157.074,93.954,61.738,129.401,109.01,88.72,174.136,72.6,84.734,176.335,132.075,126.988,70.601,78.84,181.215,104.659,39.341,98.255,64.995,173.267,77.457,88.42,129.784,113.949,148.511,66.798,95.137,108.583,59.027,55.783,118.787,100.628,77.025,75.94,81.286,87.168,83.72,187.226,97.825,157.702,81.043,133.034,33.516,87.965,80.607,148.402,205.101,205.101,95.422,145.556,68.468,138.468,143.696,102.649,146.487,79.004,74.876,168.583,134.457,43.576,126.644,82.391,211.689,51.849,51.943,165.501,52.653,105.691,54.617,98.153,77.422,166.797,174.951,132.795,75.296,66.082,49.241,32.696,148.603,62.394,54.739,195.814,45.63,113.672,139.628,138.842,150.213,139.229,51.889,83.377,129.7,169.419,66.04,92.808,176.161,95.053,89.429,101.767,69.552,182.832
Jul,Osmanabad,52.8,197.9,20.5,128.1,238.4,145.1,20.5,37.87,94.283,197.9,94.283,145.1,161.524,162.943,238.4,37.87,60.38,94.283,104.596,173.179,133.706,161.524,168.604,162.943,140.89,84.288,127.041,140.024,221.121,229.662,83.613,85.043,118.319,192.284,132.681,211.761,55.387,64.833,128.529,144.788,106.127,115.812,178.403,115.957,123.165,32.227,25.716,132.221,152.455,131.843,261.052,156.921,154.644,191.2,120.547,138.648,190.026,102.714,148.285,136.112,150.028,283.007,186.435,269.126,269.126,127.126,217.662,77.409,143.523,176.341,129.961,125.789,115.254,175.245,95.042,94.194,78.803,94.472,108.147,275.098,205.113,54.54,108.084,215.329,122.328,170.846,127.276,37.109,66.809,132.619,115.123,71.778,66.105,72.441,202.655,98.632,206.688,45.279,82.078,40.054,54.821,293.477,134.028,155.945,145.447,163.111,219.145,136.74,135.595,118.478,241.524,160.511,51.566,74.555,221.791,48.29,151.967
Aug,Osmanabad,237.2,69.8,99.2,217.1,76.5,49.6,99.2,120.799,200.04,69.8,200.04,49.6,159.054,114.854,76.5,120.799,115.033,200.04,69.677,166.734,174.689,159.054,76.147,114.854,93.083,184.137,108.77,173.316,77.318,114.51,154.385,129.751,82.208,47.801,137.188,39.324,111.544,186.197,70.187,109.608,64.83,121.973,137.39,119.572,223.935,33.476,153.552,228.689,98.491,22.68,61.189,103.539,118.068,99.564,231.986,183.222,87.497,19.169,146.061,208.001,182.467,104.055,265.418,73.471,73.471,32.864,61.09,76.013,59.079,161.449,223.984,90.511,121.791,38.468,59.767,128.347,95.317,184.306,77.032,167.939,27.787,43.506,171.569,188.642,111.523,90.748,49.875,60.862,32.519,85.557,47.186,171.814,128.676,113.858,41.239,19.687,36.017,46.697,52.452,49.13,193.583,90.463,35.675,126.668,23.721,102.243,111.201,120.979,171.252,87.959,123.333,165.253,89.377,33.297,171.653,58.14,107.738
Sep,Osmanabad,232.9,356.2,139.1,56,210.2,114.3,139.1,63.476,94.067,356.2,94.067,114.3,171.297,85.02,210.2,63.476,109.862,94.067,166.925,203.356,60.927,171.297,214.921,85.02,104.243,187.043,149.374,69.84,180.36,374.242,57.038,78.338,53.632,129.542,383.51,185.99,367.29,104.018,273.201,157.335,82.621,81.43,262.673,180.226,129.589,115.169,186.934,227.234,212.604,232.76,156.599,212.438,94.32,320.071,64.724,251.39,38.241,321.293,191.62,62.199,104.246,180.679,185.415,252.713,252.713,139.563,92.207,306.112,400.792,158.715,181.686,178.855,117.182,115.535,273.935,78.025,276.43,97.085,102.166,204.033,117.461,157.045,202.149,173.811,227.084,153.39,212.468,244.296,168.181,306.142,216.117,257.55,146.742,206.913,238.869,82.569,109.724,166.631,259.422,117.886,252.956,335.178,242.495,185.375,45.038,19.789,90.602,344.771,200.579,320.088,60.132,76.333,106.861,310.951,290.134,307.993,74.486
Oct,Osmanabad,155.8,115.1,46.3,23,62.7,50.4,46.3,60.969,37.67,115.1,37.67,50.4,187.901,187.56,62.7,60.969,154.394,37.67,155.312,168.869,63.192,187.901,193.64,187.56,193.511,47.075,21.762,135.393,57.908,32.137,167.268,13.885,141.087,141.968,112.171,49.641,103.648,2.979,29.297,96.63,114.668,5.516,235.081,272.501,201.109,17.539,128.013,41.498,46.372,84.5,45.323,15.323,2.842,40.416,107.094,61.827,218.077,35.054,142.832,93.786,152.529,129.175,65.514,20.132,20.132,70.663,117.098,92.305,52.951,41.007,17.398,36.847,56.796,117.395,211.094,6.983,20.75,72.362,32.794,46.542,114.129,12.197,157.792,33.011,51.123,124.583,122.074,124.276,51.571,85.759,47.947,2.308,95.657,61.168,7.697,50.553,36.995,27.764,35.745,3.264,209.568,148.332,97.259,6.699,35.845,70.592,5.591,42.035,9.799,2.269,2.381,46.481,82.015,83.069,154.001,80.738,45.068
Nov,Osmanabad,20,0,6.7,47.4,4.7,6.4,6.7,1.835,9.298,0,9.298,6.4,39.554,26.952,4.7,1.835,13.221,9.298,0.241,36.9,113.654,39.554,17.443,26.952,3.235,10.936,21.356,36.889,2.113,0.738,41.276,21.565,56.582,5.277,0.419,47.32,13.493,8.302,127.39,60.316,74.988,53.862,4.762,0.241,1.176,42.159,0.241,0.241,25.791,24.297,0.26,82.915,6.894,14.433,0.294,39.371,22.551,38.64,20.889,26.012,4.67,80.948,7.114,0.241,0.241,0.241,0.409,0.241,7.784,61.668,4.865,50.133,10.51,11.306,4.077,1.047,0.241,24.909,17.507,0.241,0.241,101.724,7.497,62.369,52.291,79.724,93.595,33.799,0.426,0.241,90.911,6.125,31.558,4.47,0.241,78.772,76.083,0.286,47.691,28.144,61.083,93.075,13.03,35.824,0.645,32.907,22.558,29.953,0.304,0.241,1.403,15.663,0.418,0.241,7.011,39.219,0.531
Dec,Osmanabad,4.8,1,0,0.3,2.4,0,0,0,5.09,1,5.09,0,0,0,2.4,0,0,5.09,0,0.007,22.997,0,0,0,14.598,0,0,3.076,3.045,3.758,21.774,29.475,3.209,1.132,19.418,0,2.752,3.208,0.44,2.471,1.771,0,0,0,0,0.739,0,0,0.595,0.187,35.456,7.978,22.19,3.194,0,25.045,1.315,0,0.05,0.017,0,0.127,0,19.818,19.818,0.98,0.127,2.056,0,0,10.957,5.211,2.803,0,0,22.608,0,8.499,1.046,0.702,16.467,2.114,4.969,0,26.944,0.051,13.95,0.305,7.128,5.914,0,1.447,0.657,19.077,0.485,0,0,0,2.224,8.292,0,0,6.024,17.595,5.006,0,14.684,0,8.756,0,2.429,20.304,0,0,12.959,18.592,0
Jan,Parbhani,0,0,8.3,0,2.8,0.5,8.3,11.799,0,0,0,0.5,1.307,8.536,2.8,11.799,8.159,0,0,0.214,16.424,1.307,16.514,8.536,0,0,0.483,0.585,0,0,21.613,1.153,11.001,5.753,0.092,5.311,20.823,0.094,0.905,15.563,0,0,1.345,0,0,0,0.619,7.6,0,15.948,0.981,14.045,3.281,0.005,0,1.191,0,2.531,1.225,0,0.047,0.208,8.055,0,0,0,1.371,0,3.047,10.094,30.351,0,1.705,0.358,12.248,0,10.84,0,0.005,0,0,0.371,10.925,11.433,5.015,0,0,0,0,0,0,40.796,0,2.103,0.543,24.504,3.945,20.787,16.418,0.363,1.041,0,18.31,0,0,0,4.015,0,4.002,0,0.764,22.54,0.656,0,2.49,0.818,33.207
Feb,Parbhani,0,0.3,0.3,20.5,14.2,0.2,0.3,0.782,3.258,0.3,3.258,0.2,4.085,5.609,14.2,0.782,0,3.258,19.199,2.122,0,4.085,0,5.609,3.936,0.073,3.138,0.782,0,1.25,10.314,23.012,0,16.059,0,0.413,1.025,0,23.244,26.65,15.847,0,15.175,0.626,0.888,0,0.068,0,0,17.652,2.534,0.057,1.911,0,15.272,0.02,1.043,0,0,0,0.007,0,0,0.047,0.047,27.15,0,26.676,0.859,4.427,17.581,21.317,0,19.778,2.676,18.573,13.23,6.244,0,6.402,21.728,29.693,0.001,0,7.097,15.894,0,0.842,32.637,27.004,2.278,1.022,0,0,0.263,0.78,0,0,1.426,0,23.623,5.534,1.177,13.262,10.987,23.331,0,0,2.132,1.388,10.234,0,3.898,0.99,1.325,0,4.997
Mar,Parbhani,1.9,11,21.6,144.5,4.9,0,21.6,3.976,0,11,0,0,3.986,8.861,4.9,3.976,28.995,0,0,1.972,4.468,3.986,26.763,8.861,3.332,0,1.15,5.598,36.967,0,8.956,0,6.488,0,5.203,0.455,31.984,12.533,8.091,12.681,8.505,6.684,12.451,3.201,0,0,0.023,0,0.261,46.131,7.517,11.203,0.042,15.405,10.486,1.668,14.779,26.231,0.554,15.674,24.58,0,5.072,18.718,18.718,0,0.739,12.761,0.012,9.947,6.337,0.046,0,36.519,1.876,0.003,2.554,0,2.354,9.329,13.094,6.473,0,0.005,16.732,19.281,11.144,5.349,0.068,8.676,17.57,0.008,0,6.962,34.668,0,0,0.285,0.285,0.219,14.867,5.91,44.002,10.34,0,0,0,2.902,20.045,16.081,0.358,0.129,0,18.37,0,1.334,31.625
Apr,Parbhani,0,1.1,55.4,5.1,9.8,2,55.4,17.911,1.64,1.1,1.64,2,7.908,38.467,9.8,17.911,6.961,1.64,1.147,0.606,30.867,7.908,3.172,38.467,2.105,1.706,23.332,0.039,6.07,20.033,1.992,14.001,17.066,0.202,0,29.689,4.096,11.067,3.987,21.067,1.795,15.634,0.02,11.442,10.975,0.84,0.027,14.631,0.512,21.868,7.13,6.62,19.254,8.236,32.261,23.596,23.247,3.878,33.414,48.058,32.501,2.449,5.719,24.823,24.823,10.709,11.835,1.132,5.174,13.479,27.841,11.343,20.702,0,0.529,23.222,6.016,26.783,11.994,15.211,50.201,3.986,9.612,21.37,32.313,10.527,8.917,16.018,23.997,4.384,15.731,2.889,0,15.836,20.601,10.583,7.615,6.894,10.512,3.803,17.503,0.702,23.615,1.03,3.642,16.605,0,0,10.912,3.814,58.114,0.002,19.443,0.187,1.661,18.202,41.941
May,Parbhani,0,1.4,8.5,8.2,8.4,1.5,8.5,8.689,16.975,1.4,16.975,1.5,2.547,9.386,8.4,8.689,5.043,16.975,56.515,4.027,4.978,2.547,31.702,9.386,1.577,26.647,6.889,78.697,18.248,20.463,35.264,6.318,1.061,0.153,13.902,34.358,19.999,0.937,16.421,21.831,8.324,4.19,14.431,41.645,1.093,7.08,20.367,34.266,9.541,0.153,18.982,25.941,2.562,0.762,8.762,39.716,61.382,44.317,14.9,17.651,26.232,68.734,18.133,6.037,6.037,35.848,21.299,18.275,46.986,2.699,5.008,17.301,1.093,4.838,47.438,7.679,0.171,12.436,0.262,31.72,2.827,32.386,0.642,1.087,70.215,23.622,6.475,4.144,1.719,0.153,0.153,25.359,39.107,0.17,0.838,7.605,0.153,2.598,14.21,71.836,22.631,53.251,4.785,8.906,40.387,11.62,5.345,4.395,19.917,2.481,0.153,0.326,6.817,8.302,57.425,0.78,31.794
Jun,Parbhani,152.8,153.9,93.9,36.8,143.3,101.8,93.9,197.463,152.121,153.9,152.121,101.8,81.636,175.825,143.3,197.463,143.446,152.121,137.976,67.672,129,81.636,106.914,175.825,69.382,71.95,171.561,136.483,135.005,92.885,139.062,186.773,182.894,41.606,120.299,60.284,122.958,196.923,139.213,189.585,96.724,101.462,139.357,107.072,84.067,98.107,82.594,198.713,105.094,86.661,116.764,63.002,124.394,83.367,207.077,76.128,153.467,119.937,114.105,64.052,90.9,101.444,207.816,195.625,195.625,101.557,128.67,48.341,206.922,167.836,86.013,150.021,145.842,82.002,165.533,175.172,32.933,195.336,87.231,258.885,79.905,128.223,186.04,87.672,208.71,91.607,92.408,127.583,131.099,142.898,137.36,34.722,116.5,34.332,19.358,166.436,165.623,88.285,168.053,88.237,164.825,145.803,172.504,209.966,151.989,51.737,88.355,200.075,186.091,99.966,91.399,204.669,83.922,82.167,111.035,46.56,172.452
Jul,Parbhani,72.6,298.9,24.8,77.8,369.6,198.4,24.8,35.75,131.395,298.9,131.395,198.4,176.259,153.688,369.6,35.75,49.307,131.395,125.953,160.994,125.308,176.259,246.88,153.688,171.78,75.838,137.657,161.734,174.163,290.203,72.513,191.302,164.42,85.39,180.642,235.264,127.619,99.373,188.204,189.815,120.844,178.35,214.641,119.373,154.156,61.838,28.961,104.48,171.237,208.126,209.641,167.169,224.321,192.207,154.757,128.344,260.709,150.078,194.126,292.682,184.3,264.075,157.242,280.468,280.468,141.781,224.361,110.486,179.35,210.743,131.929,143.308,117.861,189.755,108.669,148.785,78.74,169.384,120.345,225.475,223.969,75.534,152.137,195.184,175.429,212.286,236.174,40.911,92.418,140.114,109.102,106.288,69.024,120.941,277.791,101.371,124.913,56.511,93.727,75.467,148.506,248.84,108.108,156.824,221.045,175.875,197.055,104.233,182.018,117.218,172.357,222.638,63.282,86.259,228.608,97.552,172.251
Aug,Parbhani,242.9,86.4,80.7,160.1,150.8,111.1,80.7,206.45,227.348,86.4,227.348,111.1,232.671,145.254,150.8,206.45,159.875,227.348,163.641,212.509,228.43,232.671,77.24,145.254,138.068,249.848,123.359,272.332,149.961,187.142,136.842,205.386,132.151,95.634,315.259,66.608,176.467,265.002,136.221,114.542,121.38,208.617,237.325,148.633,395.622,97.434,184.61,291.928,137.061,53.227,108.747,85.348,169.255,171.004,470.664,245.372,194.858,90.358,182.66,336.933,309.951,154.374,353.051,105.436,105.436,101,106.398,97.094,74.572,94.873,250.688,109.559,144.962,108.66,61.116,272.434,121.592,190.978,176.723,161.613,29.642,105.15,170.225,308.314,173.2,139.891,122.661,77.353,55.666,131.597,92.685,251.081,171.507,176.895,85.262,43.076,82.975,80.356,94.171,82.036,227.957,141.557,93.755,180.22,85.639,157.232,162.546,182.981,153.42,157.064,149.029,169.346,133.995,51.786,252.958,81.13,210.149
Sep,Parbhani,127,377.3,148.3,87,183.6,172.9,148.3,134.435,80.228,377.3,80.228,172.9,287.986,168.982,183.6,134.435,71.058,80.228,259.115,384.479,56.586,287.986,278.471,168.982,162.1,249.909,89.053,59.019,200.62,298.087,77.264,75.58,59.726,138.281,413.859,243.34,316.428,134.471,213.295,80.362,132.547,75.87,409.166,161.544,148.274,84.497,149.979,242.025,263.725,224.823,178.619,248.542,94.407,246.221,107.194,362.785,156.967,238.472,332.229,94.927,100.737,242.855,253.855,301.228,301.228,183.86,88.012,332.156,409.622,177.494,271.5,133.543,192.499,188.44,423.263,149.713,213.626,149.115,79.192,253.058,181.482,136.143,278.597,214.991,287.187,175.539,273.337,338.898,181.38,283.92,181.271,187.817,97.847,248.045,352.764,276.107,137.336,111.251,285.343,109.872,330.087,321.075,383.166,312.823,66.651,47.506,101.491,475.092,246.723,334.795,43.747,87.282,211.801,397.873,242.289,279.83,84.709
Oct,Parbhani,94,89,9.9,2.9,87.4,85.4,9.9,55.296,16.399,89,16.399,85.4,194.644,102.9,87.4,55.296,69.696,16.399,130.195,104.6,40.77,194.644,97.43,102.9,179.962,41.584,8.334,138.11,25.405,100.264,108.808,5.66,97.63,141.006,155.721,23.573,64.318,0.774,18.069,76.339,65.35,2.944,134.777,171.478,146.77,0.783,164.847,30.611,32.562,25.077,52.584,6.538,10.636,14.364,114.932,40.571,297.678,69.318,160.508,37.751,60.827,73.951,137.081,7.335,7.335,69.635,92.277,47.869,49.129,25.673,5.974,7.409,38.232,87.803,154.299,5.179,11.851,72.51,11.976,65.044,118.587,5.594,86.594,23.106,38.084,53.48,196.059,44.405,73.911,73.723,48.632,0.763,46.597,75.384,0.759,54.296,28.907,5.198,33.663,1.61,111.494,112.176,131.623,13.391,22.595,28.508,0.774,63.124,9.884,0.866,2.448,21.226,19.532,77.534,128.378,67.276,82.933
Nov,Parbhani,0,0,0,25,7.7,1.1,0,3.397,4.529,0,4.529,1.1,18.331,20.369,7.7,3.397,6.28,4.529,0.203,51.938,139.476,18.331,7.982,20.369,1.561,4.727,18.405,17.634,0.945,3.539,47.706,9.467,28.615,0.416,0.289,36.645,10.26,0.646,53.136,47.15,99.399,16.378,0.61,0.203,0.952,43.52,0.203,0.203,42.037,17.274,7.034,70.475,0.417,1.558,0.219,80.136,12.358,25.406,10.137,70.632,0.436,79.149,2.821,0.203,0.203,0.203,0.586,0.226,1.371,82.033,2.598,80.033,0.448,23.311,0.561,0.203,0.203,19.754,19.506,0.203,0.203,99.81,6.561,106.079,14.24,29.76,60.376,11.429,0.203,0.203,91.689,9.048,38.756,7.043,0.203,53.877,9.714,0.203,17.64,19.537,36.01,52.688,22.706,20.365,0.203,19.385,35.507,53.97,0.203,0.203,2.318,6.436,0.686,0.203,0.639,72.432,0.204
Dec,Parbhani,0,0,0,0,17.5,0,0,0,3.624,0,3.624,0,0,0,17.5,0,0,3.624,0,0,25.192,0,0,0,14.18,0,0,6.063,10.295,1.898,17.015,22.263,1.921,0.781,15.438,0,23.901,34.418,0.705,1.146,1.659,0,0,0,0.12,0,0,0,0.384,0.693,46.357,17.42,10.922,0,0,48.311,1.658,1.49,0,0,0,0.832,0,10.022,10.022,0.622,0,5.518,0,0,8.691,3.674,0,0,0,51.527,0,4.152,0.787,1.18,34.702,7.88,2.634,0,38.22,0.917,21.321,0.05,8.883,3.574,0.926,1.794,0.926,23.453,0.171,0.12,0,0,1.555,24.603,0,0,12.735,38.015,23.931,0.073,0,0,18.348,0,2.353,14.656,0,0,14.251,48.607,0
